filename,age,gender,race
103_0_2_20170112213001988.jpg.chip.jpg,103,0,2
105_1_1_20170112213303693.jpg.chip.jpg,105,1,1
10_0_0_20170110220541850.jpg.chip.jpg,10,0,0
10_0_0_20170110224549512.jpg.chip.jpg,10,0,0
10_0_0_20170110225451638.jpg.chip.jpg,10,0,0
10_0_0_20170117175625724.jpg.chip.jpg,10,0,0
10_0_1_20170110220507258.jpg.chip.jpg,10,0,1
10_0_1_20170110225339066.jpg.chip.jpg,10,0,1
10_0_4_20170103202338152.jpg.chip.jpg,10,0,4
10_1_0_20170109203218966.jpg.chip.jpg,10,1,0
115_1_0_20170120134725990.jpg.chip.jpg,115,1,0
11_0_0_20170110220500946.jpg.chip.jpg,11,0,0
11_0_3_20170104230222352.jpg.chip.jpg,11,0,3
11_1_0_20170109205214234.jpg.chip.jpg,11,1,0
12_0_0_20170109213205384.jpg.chip.jpg,12,0,0
12_0_0_20170110225028524.jpg.chip.jpg,12,0,0
12_1_0_20170104012017177.jpg.chip.jpg,12,1,0
12_1_0_20170104013410523.jpg.chip.jpg,12,1,0
12_1_0_20170109203306886.jpg.chip.jpg,12,1,0
12_1_0_20170109204750280.jpg.chip.jpg,12,1,0
12_1_3_20170117174916351.jpg.chip.jpg,12,1,3
13_0_0_20170110224801290.jpg.chip.jpg,13,0,0
13_0_1_20170113150907477.jpg.chip.jpg,13,0,1
13_1_0_20170110220422857.jpg.chip.jpg,13,1,0
13_1_3_20170117181350659.jpg.chip.jpg,13,1,3
13_1_4_20170117200640357.jpg.chip.jpg,13,1,4
14_0_0_20170110225116744.jpg.chip.jpg,14,0,0
14_0_0_20170110225712028.jpg.chip.jpg,14,0,0
14_0_0_20170116222402683.jpg.chip.jpg,14,0,0
14_0_2_20170104012541763.jpg.chip.jpg,14,0,2
14_1_0_20170109204158115.jpg.chip.jpg,14,1,0
15_0_0_20170105183251055.jpg.chip.jpg,15,0,0
15_0_0_20170110224250144.jpg.chip.jpg,15,0,0
15_0_0_20170110224324459.jpg.chip.jpg,15,0,0
15_0_0_20170116201123807.jpg.chip.jpg,15,0,0
15_0_1_20170110231743136.jpg.chip.jpg,15,0,1
15_0_2_20170104011938218.jpg.chip.jpg,15,0,2
15_0_4_20170103201002253.jpg.chip.jpg,15,0,4
15_1_0_20170109204354264.jpg.chip.jpg,15,1,0
15_1_3_20170104222011950.jpg.chip.jpg,15,1,3
16_0_0_20170104003740977.jpg.chip.jpg,16,0,0
16_0_0_20170110231218369.jpg.chip.jpg,16,0,0
16_0_0_20170110231526097.jpg.chip.jpg,16,0,0
16_0_0_20170110231527285.jpg.chip.jpg,16,0,0
16_0_0_20170110231756634.jpg.chip.jpg,16,0,0
16_0_0_20170110231801615.jpg.chip.jpg,16,0,0
16_0_0_20170110231814139.jpg.chip.jpg,16,0,0
16_0_0_20170110232208589.jpg.chip.jpg,16,0,0
16_0_0_20170110232434079.jpg.chip.jpg,16,0,0
16_0_0_20170110232605131.jpg.chip.jpg,16,0,0
16_0_0_20170117134536197.jpg.chip.jpg,16,0,0
16_1_0_20170104011815680.jpg.chip.jpg,16,1,0
16_1_0_20170104013543170.jpg.chip.jpg,16,1,0
16_1_0_20170109201603478.jpg.chip.jpg,16,1,0
16_1_0_20170109204349968.jpg.chip.jpg,16,1,0
16_1_0_20170109213954271.jpg.chip.jpg,16,1,0
16_1_1_20170117172336195.jpg.chip.jpg,16,1,1
16_1_2_20170116162343874.jpg.chip.jpg,16,1,2
16_1_3_20170104223545496.jpg.chip.jpg,16,1,3
16_1_4_20170103233818803.jpg.chip.jpg,16,1,4
17_0_0_20170105183357879.jpg.chip.jpg,17,0,0
17_0_0_20170110232044494.jpg.chip.jpg,17,0,0
17_0_0_20170110232616400.jpg.chip.jpg,17,0,0
17_0_1_20170113175010309.jpg.chip.jpg,17,0,1
17_1_1_20170117134939470.jpg.chip.jpg,17,1,1
17_1_3_20170104221822223.jpg.chip.jpg,17,1,3
17_1_4_20170117193142374.jpg.chip.jpg,17,1,4
18_0_0_20170110231845000.jpg.chip.jpg,18,0,0
18_0_0_20170110232121048.jpg.chip.jpg,18,0,0
18_0_1_20170117143031666.jpg.chip.jpg,18,0,1
18_0_3_20170116221917954.jpg.chip.jpg,18,0,3
18_1_0_20170109212422272.jpg.chip.jpg,18,1,0
18_1_0_20170109212828069.jpg.chip.jpg,18,1,0
18_1_0_20170109212905543.jpg.chip.jpg,18,1,0
18_1_0_20170109212906609.jpg.chip.jpg,18,1,0
18_1_0_20170109213102446.jpg.chip.jpg,18,1,0
18_1_0_20170109213103958.jpg.chip.jpg,18,1,0
18_1_0_20170109214044181.jpg.chip.jpg,18,1,0
18_1_0_20170109214608184.jpg.chip.jpg,18,1,0
18_1_2_20170104020424141.jpg.chip.jpg,18,1,2
18_1_2_20170105183417710.jpg.chip.jpg,18,1,2
18_1_2_20170114030739228.jpg.chip.jpg,18,1,2
18_1_3_20170117135709510.jpg.chip.jpg,18,1,3
18_1_4_20170103222949566.jpg.chip.jpg,18,1,4
19_0_1_20170113132632417.jpg.chip.jpg,19,0,1
19_0_2_20170102234958195.jpg.chip.jpg,19,0,2
19_0_4_20170102233259362.jpg.chip.jpg,19,0,4
19_1_0_20170103175624137.jpg.chip.jpg,19,1,0
19_1_0_20170104012012331.jpg.chip.jpg,19,1,0
19_1_2_20170116163806963.jpg.chip.jpg,19,1,2
1_0_0_20161219212921070.jpg.chip.jpg,1,0,0
1_0_0_20170109194450082.jpg.chip.jpg,1,0,0
1_0_0_20170110205409644.jpg.chip.jpg,1,0,0
1_0_0_20170110211513139.jpg.chip.jpg,1,0,0
1_0_0_20170110212623527.jpg.chip.jpg,1,0,0
1_0_0_20170110212720644.jpg.chip.jpg,1,0,0
1_0_0_20170110213138878.jpg.chip.jpg,1,0,0
1_0_0_20170110213328641.jpg.chip.jpg,1,0,0
1_0_1_20161219160115237.jpg.chip.jpg,1,0,1
1_0_1_20170110213808936.jpg.chip.jpg,1,0,1
1_0_2_20161219153055452.jpg.chip.jpg,1,0,2
1_0_2_20161219155659165.jpg.chip.jpg,1,0,2
1_0_2_20161219155701277.jpg.chip.jpg,1,0,2
1_0_2_20161219155859061.jpg.chip.jpg,1,0,2
1_0_2_20161219190003947.jpg.chip.jpg,1,0,2
1_0_2_20161219191035251.jpg.chip.jpg,1,0,2
1_0_2_20161219195959395.jpg.chip.jpg,1,0,2
1_0_2_20161219200532811.jpg.chip.jpg,1,0,2
1_0_2_20161219203650636.jpg.chip.jpg,1,0,2
1_0_2_20161219204655933.jpg.chip.jpg,1,0,2
1_0_2_20161219204858548.jpg.chip.jpg,1,0,2
1_0_2_20161219205318388.jpg.chip.jpg,1,0,2
1_0_2_20161219212555694.jpg.chip.jpg,1,0,2
1_0_2_20161219222040503.jpg.chip.jpg,1,0,2
1_0_2_20161219222609775.jpg.chip.jpg,1,0,2
1_0_2_20161219222752047.jpg.chip.jpg,1,0,2
1_0_2_20170109191209991.jpg.chip.jpg,1,0,2
1_0_2_20170109193535757.jpg.chip.jpg,1,0,2
1_0_3_20161219225615528.jpg.chip.jpg,1,0,3
1_0_3_20161219230414376.jpg.chip.jpg,1,0,3
1_0_3_20161219230715892.jpg.chip.jpg,1,0,3
1_0_3_20161219230728256.jpg.chip.jpg,1,0,3
1_0_3_20161220144838191.jpg.chip.jpg,1,0,3
1_0_3_20161220145820446.jpg.chip.jpg,1,0,3
1_0_4_20161221192552629.jpg.chip.jpg,1,0,4
1_0_4_20161221193531198.jpg.chip.jpg,1,0,4
1_0_4_20161221200309040.jpg.chip.jpg,1,0,4
1_1_0_20161219154506229.jpg.chip.jpg,1,1,0
1_1_0_20161219205534526.jpg.chip.jpg,1,1,0
1_1_0_20170109190512041.jpg.chip.jpg,1,1,0
1_1_0_20170109190534438.jpg.chip.jpg,1,1,0
1_1_0_20170109190542206.jpg.chip.jpg,1,1,0
1_1_0_20170109190810090.jpg.chip.jpg,1,1,0
1_1_0_20170109190845250.jpg.chip.jpg,1,1,0
1_1_0_20170109190939585.jpg.chip.jpg,1,1,0
1_1_0_20170109191129918.jpg.chip.jpg,1,1,0
1_1_0_20170109191212799.jpg.chip.jpg,1,1,0
1_1_0_20170109191415528.jpg.chip.jpg,1,1,0
1_1_0_20170109191518278.jpg.chip.jpg,1,1,0
1_1_0_20170109193408973.jpg.chip.jpg,1,1,0
1_1_0_20170109193726686.jpg.chip.jpg,1,1,0
1_1_0_20170109194137393.jpg.chip.jpg,1,1,0
1_1_0_20170109194410994.jpg.chip.jpg,1,1,0
1_1_2_20161219142012569.jpg.chip.jpg,1,1,2
1_1_2_20161219153429836.jpg.chip.jpg,1,1,2
1_1_2_20161219155909061.jpg.chip.jpg,1,1,2
1_1_2_20161219162021366.jpg.chip.jpg,1,1,2
1_1_2_20161219190745330.jpg.chip.jpg,1,1,2
1_1_2_20161219194735341.jpg.chip.jpg,1,1,2
1_1_2_20161219202514684.jpg.chip.jpg,1,1,2
1_1_2_20161219203352244.jpg.chip.jpg,1,1,2
1_1_2_20161219204636789.jpg.chip.jpg,1,1,2
1_1_2_20161219205233581.jpg.chip.jpg,1,1,2
1_1_2_20161219205644669.jpg.chip.jpg,1,1,2
1_1_2_20161219220348151.jpg.chip.jpg,1,1,2
1_1_3_20161219225247616.jpg.chip.jpg,1,1,3
1_1_3_20161220143409894.jpg.chip.jpg,1,1,3
1_1_3_20161220144637487.jpg.chip.jpg,1,1,3
1_1_3_20161220145208607.jpg.chip.jpg,1,1,3
1_1_3_20161220222128210.jpg.chip.jpg,1,1,3
1_1_4_20161221193419158.jpg.chip.jpg,1,1,4
1_1_4_20161221193744550.jpg.chip.jpg,1,1,4
1_1_4_20161221195119295.jpg.chip.jpg,1,1,4
1_1_4_20161221200207440.jpg.chip.jpg,1,1,4
1_1_4_20161221201827921.jpg.chip.jpg,1,1,4
1_1_4_20161221202124857.jpg.chip.jpg,1,1,4
1_1_4_20170109194502921.jpg.chip.jpg,1,1,4
20_0_0_20170104020603909.jpg.chip.jpg,20,0,0
20_0_1_20170113175209394.jpg.chip.jpg,20,0,1
20_0_4_20170113133058865.jpg.chip.jpg,20,0,4
20_1_0_20170103175634288.jpg.chip.jpg,20,1,0
20_1_0_20170105183741919.jpg.chip.jpg,20,1,0
20_1_0_20170105184054896.jpg.chip.jpg,20,1,0
20_1_0_20170117171624989.jpg.chip.jpg,20,1,0
20_1_0_20170119153405080.jpg.chip.jpg,20,1,0
20_1_1_20170116164052068.jpg.chip.jpg,20,1,1
20_1_4_20170103224354767.jpg.chip.jpg,20,1,4
20_1_4_20170103225902242.jpg.chip.jpg,20,1,4
20_1_4_20170103230550945.jpg.chip.jpg,20,1,4
21_0_0_20170104230103695.jpg.chip.jpg,21,0,0
21_0_0_20170117141432129.jpg.chip.jpg,21,0,0
21_0_0_20170117141603616.jpg.chip.jpg,21,0,0
21_0_1_20170113133115864.jpg.chip.jpg,21,0,1
21_0_1_20170116215541940.jpg.chip.jpg,21,0,1
21_0_2_20170116170907317.jpg.chip.jpg,21,0,2
21_0_3_20170117141644440.jpg.chip.jpg,21,0,3
21_0_3_20170119154042345.jpg.chip.jpg,21,0,3
21_0_3_20170119154213179.jpg.chip.jpg,21,0,3
21_0_3_20170119154329337.jpg.chip.jpg,21,0,3
21_0_4_20161223214825003.jpg.chip.jpg,21,0,4
21_1_0_20170103201838744.jpg.chip.jpg,21,1,0
21_1_1_20170113005849484.jpg.chip.jpg,21,1,1
21_1_1_20170114032152049.jpg.chip.jpg,21,1,1
21_1_1_20170116215855605.jpg.chip.jpg,21,1,1
21_1_1_20170116233611534.jpg.chip.jpg,21,1,1
21_1_2_20170116164805815.jpg.chip.jpg,21,1,2
21_1_2_20170116171507249.jpg.chip.jpg,21,1,2
21_1_2_20170116171653891.jpg.chip.jpg,21,1,2
21_1_3_20170104222118687.jpg.chip.jpg,21,1,3
21_1_3_20170104231324474.jpg.chip.jpg,21,1,3
21_1_3_20170104231627770.jpg.chip.jpg,21,1,3
21_1_3_20170117142510610.jpg.chip.jpg,21,1,3
21_1_3_20170119154352346.jpg.chip.jpg,21,1,3
21_1_4_20170103201905647.jpg.chip.jpg,21,1,4
21_1_4_20170103223237335.jpg.chip.jpg,21,1,4
21_1_4_20170103223240255.jpg.chip.jpg,21,1,4
21_1_4_20170103233920299.jpg.chip.jpg,21,1,4
22_0_0_20170116220735674.jpg.chip.jpg,22,0,0
22_0_0_20170117143224571.jpg.chip.jpg,22,0,0
22_0_0_20170119150313790.jpg.chip.jpg,22,0,0
22_0_1_20170110223418177.jpg.chip.jpg,22,0,1
22_0_1_20170113133327736.jpg.chip.jpg,22,0,1
22_0_2_20170104020041910.jpg.chip.jpg,22,0,2
22_0_3_20170119160339867.jpg.chip.jpg,22,0,3
22_1_0_20170105002545990.jpg.chip.jpg,22,1,0
22_1_0_20170117133125316.jpg.chip.jpg,22,1,0
22_1_0_20170117171049498.jpg.chip.jpg,22,1,0
22_1_0_20170117194001595.jpg.chip.jpg,22,1,0
22_1_1_20170112214852574.jpg.chip.jpg,22,1,1
22_1_1_20170114031133213.jpg.chip.jpg,22,1,1
22_1_1_20170114033301951.jpg.chip.jpg,22,1,1
22_1_2_20161219153940196.jpg.chip.jpg,22,1,2
22_1_2_20170103212729188.jpg.chip.jpg,22,1,2
22_1_2_20170116162938834.jpg.chip.jpg,22,1,2
22_1_2_20170116165942740.jpg.chip.jpg,22,1,2
22_1_2_20170116172657692.jpg.chip.jpg,22,1,2
22_1_2_20170116172719532.jpg.chip.jpg,22,1,2
22_1_3_20170117154551789.jpg.chip.jpg,22,1,3
22_1_3_20170119160417027.jpg.chip.jpg,22,1,3
22_1_3_20170119163331125.jpg.chip.jpg,22,1,3
23_0_0_20170113210126449.jpg.chip.jpg,23,0,0
23_0_0_20170116221018206.jpg.chip.jpg,23,0,0
23_0_0_20170117144555155.jpg.chip.jpg,23,0,0
23_0_0_20170119145312190.jpg.chip.jpg,23,0,0
23_0_1_20170113133840296.jpg.chip.jpg,23,0,1
23_0_1_20170113195604509.jpg.chip.jpg,23,0,1
23_0_1_20170115231442487.jpg.chip.jpg,23,0,1
23_0_1_20170117194052028.jpg.chip.jpg,23,0,1
23_0_2_20170107213747034.jpg.chip.jpg,23,0,2
23_0_2_20170116172904718.jpg.chip.jpg,23,0,2
23_0_2_20170116173001224.jpg.chip.jpg,23,0,2
23_0_3_20170116161243731.jpg.chip.jpg,23,0,3
23_0_3_20170119163909413.jpg.chip.jpg,23,0,3
23_0_4_20170117194102020.jpg.chip.jpg,23,0,4
23_1_0_20170112234315344.jpg.chip.jpg,23,1,0
23_1_0_20170117144945297.jpg.chip.jpg,23,1,0
23_1_1_20170102233446754.jpg.chip.jpg,23,1,1
23_1_1_20170116234631549.jpg.chip.jpg,23,1,1
23_1_2_20170104020318141.jpg.chip.jpg,23,1,2
23_1_2_20170104021026844.jpg.chip.jpg,23,1,2
23_1_2_20170116172816125.jpg.chip.jpg,23,1,2
23_1_2_20170116172830806.jpg.chip.jpg,23,1,2
23_1_2_20170116173106418.jpg.chip.jpg,23,1,2
23_1_3_20170104231753450.jpg.chip.jpg,23,1,3
23_1_3_20170119164457312.jpg.chip.jpg,23,1,3
23_1_3_20170119164536502.jpg.chip.jpg,23,1,3
23_1_3_20170119164546693.jpg.chip.jpg,23,1,3
23_1_4_20170103233611875.jpg.chip.jpg,23,1,4
23_1_4_20170117194143181.jpg.chip.jpg,23,1,4
23_1_4_20170117194317100.jpg.chip.jpg,23,1,4
23_1_4_20170117194319028.jpg.chip.jpg,23,1,4
24_0_0_20170102233329675.jpg.chip.jpg,24,0,0
24_0_0_20170113142022092.jpg.chip.jpg,24,0,0
24_0_0_20170114030346768.jpg.chip.jpg,24,0,0
24_0_0_20170116224743469.jpg.chip.jpg,24,0,0
24_0_0_20170117145203051.jpg.chip.jpg,24,0,0
24_0_0_20170117145910325.jpg.chip.jpg,24,0,0
24_0_1_20170103181218960.jpg.chip.jpg,24,0,1
24_0_1_20170117194352739.jpg.chip.jpg,24,0,1
24_0_2_20170116163114649.jpg.chip.jpg,24,0,2
24_0_2_20170116163850936.jpg.chip.jpg,24,0,2
24_0_2_20170116164749805.jpg.chip.jpg,24,0,2
24_0_2_20170116170622672.jpg.chip.jpg,24,0,2
24_0_2_20170116173456155.jpg.chip.jpg,24,0,2
24_0_3_20170104214346781.jpg.chip.jpg,24,0,3
24_0_3_20170104230212395.jpg.chip.jpg,24,0,3
24_0_3_20170117145945091.jpg.chip.jpg,24,0,3
24_0_3_20170119165947103.jpg.chip.jpg,24,0,3
24_0_4_20170117194540395.jpg.chip.jpg,24,0,4
24_1_0_20170116000527997.jpg.chip.jpg,24,1,0
24_1_0_20170116172723427.jpg.chip.jpg,24,1,0
24_1_0_20170116222429652.jpg.chip.jpg,24,1,0
24_1_0_20170116222843605.jpg.chip.jpg,24,1,0
24_1_0_20170119171026777.jpg.chip.jpg,24,1,0
24_1_1_20170105183758847.jpg.chip.jpg,24,1,1
24_1_1_20170112234612457.jpg.chip.jpg,24,1,1
24_1_1_20170113001636241.jpg.chip.jpg,24,1,1
24_1_1_20170113011157712.jpg.chip.jpg,24,1,1
24_1_1_20170115234948897.jpg.chip.jpg,24,1,1
24_1_1_20170116024111718.jpg.chip.jpg,24,1,1
24_1_2_20170116163638814.jpg.chip.jpg,24,1,2
24_1_2_20170116165611580.jpg.chip.jpg,24,1,2
24_1_2_20170116170015633.jpg.chip.jpg,24,1,2
24_1_2_20170116171657075.jpg.chip.jpg,24,1,2
24_1_2_20170116173417614.jpg.chip.jpg,24,1,2
24_1_2_20170116173421517.jpg.chip.jpg,24,1,2
24_1_2_20170116174413898.jpg.chip.jpg,24,1,2
24_1_3_20170104222905601.jpg.chip.jpg,24,1,3
24_1_3_20170104223610175.jpg.chip.jpg,24,1,3
24_1_3_20170104234808251.jpg.chip.jpg,24,1,3
24_1_3_20170116220311270.jpg.chip.jpg,24,1,3
24_1_3_20170117150322043.jpg.chip.jpg,24,1,3
24_1_3_20170119152515392.jpg.chip.jpg,24,1,3
24_1_3_20170119155454786.jpg.chip.jpg,24,1,3
24_1_3_20170119164720463.jpg.chip.jpg,24,1,3
24_1_4_20170103224705429.jpg.chip.jpg,24,1,4
24_1_4_20170117150521764.jpg.chip.jpg,24,1,4
24_1_4_20170117194809365.jpg.chip.jpg,24,1,4
24_1_4_20170117194854468.jpg.chip.jpg,24,1,4
25_0_0_20170113174036233.jpg.chip.jpg,25,0,0
25_0_0_20170113181532013.jpg.chip.jpg,25,0,0
25_0_0_20170113210127416.jpg.chip.jpg,25,0,0
25_0_0_20170117134007900.jpg.chip.jpg,25,0,0
25_0_0_20170117141931817.jpg.chip.jpg,25,0,0
25_0_0_20170117143251139.jpg.chip.jpg,25,0,0
25_0_0_20170117143313929.jpg.chip.jpg,25,0,0
25_0_0_20170117151036947.jpg.chip.jpg,25,0,0
25_0_0_20170117195127741.jpg.chip.jpg,25,0,0
25_0_0_20170117195250189.jpg.chip.jpg,25,0,0
25_0_1_20170113151735327.jpg.chip.jpg,25,0,1
25_0_1_20170116002254660.jpg.chip.jpg,25,0,1
25_0_1_20170116205628998.jpg.chip.jpg,25,0,1
25_0_1_20170117195252189.jpg.chip.jpg,25,0,1
25_0_2_20170116165101483.jpg.chip.jpg,25,0,2
25_0_2_20170116174836155.jpg.chip.jpg,25,0,2
25_0_2_20170119145148646.jpg.chip.jpg,25,0,2
25_0_3_20170117151130075.jpg.chip.jpg,25,0,3
25_0_3_20170117151555901.jpg.chip.jpg,25,0,3
25_0_3_20170119171120578.jpg.chip.jpg,25,0,3
25_0_3_20170119171339224.jpg.chip.jpg,25,0,3
25_0_4_20170114034244572.jpg.chip.jpg,25,0,4
25_1_0_20170103180907920.jpg.chip.jpg,25,1,0
25_1_0_20170103180911281.jpg.chip.jpg,25,1,0
25_1_0_20170116002343174.jpg.chip.jpg,25,1,0
25_1_0_20170116201701430.jpg.chip.jpg,25,1,0
25_1_0_20170117134530533.jpg.chip.jpg,25,1,0
25_1_0_20170117141331623.jpg.chip.jpg,25,1,0
25_1_0_20170117152041619.jpg.chip.jpg,25,1,0
25_1_0_20170117182558966.jpg.chip.jpg,25,1,0
25_1_0_20170117203811656.jpg.chip.jpg,25,1,0
25_1_0_20170119163307644.jpg.chip.jpg,25,1,0
25_1_1_20170112205216610.jpg.chip.jpg,25,1,1
25_1_1_20170112235100153.jpg.chip.jpg,25,1,1
25_1_1_20170112235103240.jpg.chip.jpg,25,1,1
25_1_1_20170117142853127.jpg.chip.jpg,25,1,1
25_1_2_20170116175239383.jpg.chip.jpg,25,1,2
25_1_2_20170116175251099.jpg.chip.jpg,25,1,2
25_1_3_20170104232710103.jpg.chip.jpg,25,1,3
25_1_3_20170119172152169.jpg.chip.jpg,25,1,3
25_1_4_20170103180849713.jpg.chip.jpg,25,1,4
25_1_4_20170103224600280.jpg.chip.jpg,25,1,4
25_1_4_20170103234056789.jpg.chip.jpg,25,1,4
26_0_0_20170104022546750.jpg.chip.jpg,26,0,0
26_0_0_20170104194358449.jpg.chip.jpg,26,0,0
26_0_0_20170113135244994.jpg.chip.jpg,26,0,0
26_0_0_20170113210126011.jpg.chip.jpg,26,0,0
26_0_0_20170113210126743.jpg.chip.jpg,26,0,0
26_0_0_20170113210605010.jpg.chip.jpg,26,0,0
26_0_0_20170116232619054.jpg.chip.jpg,26,0,0
26_0_0_20170116233047853.jpg.chip.jpg,26,0,0
26_0_0_20170117152347004.jpg.chip.jpg,26,0,0
26_0_0_20170117152636524.jpg.chip.jpg,26,0,0
26_0_0_20170117171932498.jpg.chip.jpg,26,0,0
26_0_0_20170117195448787.jpg.chip.jpg,26,0,0
26_0_0_20170117195743604.jpg.chip.jpg,26,0,0
26_0_0_20170117195919229.jpg.chip.jpg,26,0,0
26_0_1_20170113133950129.jpg.chip.jpg,26,0,1
26_0_1_20170113135304305.jpg.chip.jpg,26,0,1
26_0_1_20170113151756520.jpg.chip.jpg,26,0,1
26_0_1_20170113154905482.jpg.chip.jpg,26,0,1
26_0_1_20170116143057934.jpg.chip.jpg,26,0,1
26_0_1_20170116203607574.jpg.chip.jpg,26,0,1
26_0_1_20170116234859005.jpg.chip.jpg,26,0,1
26_0_1_20170116235506865.jpg.chip.jpg,26,0,1
26_0_1_20170117020645902.jpg.chip.jpg,26,0,1
26_0_1_20170117091506354.jpg.chip.jpg,26,0,1
26_0_1_20170117152256332.jpg.chip.jpg,26,0,1
26_0_1_20170117172711486.jpg.chip.jpg,26,0,1
26_0_1_20170117195438339.jpg.chip.jpg,26,0,1
26_0_1_20170117200006115.jpg.chip.jpg,26,0,1
26_0_1_20170120134608943.jpg.chip.jpg,26,0,1
26_0_2_20161219191301043.jpg.chip.jpg,26,0,2
26_0_2_20170104023216134.jpg.chip.jpg,26,0,2
26_0_2_20170116175516176.jpg.chip.jpg,26,0,2
26_0_2_20170116175945939.jpg.chip.jpg,26,0,2
26_0_2_20170116181209519.jpg.chip.jpg,26,0,2
26_0_2_20170116182629321.jpg.chip.jpg,26,0,2
26_0_2_20170116183713007.jpg.chip.jpg,26,0,2
26_0_3_20170117154955375.jpg.chip.jpg,26,0,3
26_0_3_20170119180328460.jpg.chip.jpg,26,0,3
26_0_3_20170119180445972.jpg.chip.jpg,26,0,3
26_0_3_20170119180602948.jpg.chip.jpg,26,0,3
26_0_3_20170119180622762.jpg.chip.jpg,26,0,3
26_0_3_20170119180905795.jpg.chip.jpg,26,0,3
26_0_3_20170119180948868.jpg.chip.jpg,26,0,3
26_0_3_20170119181200723.jpg.chip.jpg,26,0,3
26_0_3_20170119181351882.jpg.chip.jpg,26,0,3
26_0_3_20170119184303327.jpg.chip.jpg,26,0,3
26_0_3_20170119191924624.jpg.chip.jpg,26,0,3
26_0_4_20170117195915493.jpg.chip.jpg,26,0,4
26_0_4_20170117200017039.jpg.chip.jpg,26,0,4
26_1_0_20170103181326336.jpg.chip.jpg,26,1,0
26_1_0_20170105183935352.jpg.chip.jpg,26,1,0
26_1_0_20170116184824361.jpg.chip.jpg,26,1,0
26_1_0_20170116225049260.jpg.chip.jpg,26,1,0
26_1_0_20170117003136628.jpg.chip.jpg,26,1,0
26_1_0_20170117171512771.jpg.chip.jpg,26,1,0
26_1_0_20170117174534054.jpg.chip.jpg,26,1,0
26_1_0_20170117174641318.jpg.chip.jpg,26,1,0
26_1_0_20170117175315496.jpg.chip.jpg,26,1,0
26_1_0_20170117200657181.jpg.chip.jpg,26,1,0
26_1_0_20170117200744612.jpg.chip.jpg,26,1,0
26_1_0_20170117201944942.jpg.chip.jpg,26,1,0
26_1_0_20170119192656049.jpg.chip.jpg,26,1,0
26_1_1_20170104235433201.jpg.chip.jpg,26,1,1
26_1_1_20170112210754466.jpg.chip.jpg,26,1,1
26_1_1_20170112213031047.jpg.chip.jpg,26,1,1
26_1_1_20170112230519613.jpg.chip.jpg,26,1,1
26_1_1_20170112230609340.jpg.chip.jpg,26,1,1
26_1_1_20170112234340711.jpg.chip.jpg,26,1,1
26_1_1_20170112235940056.jpg.chip.jpg,26,1,1
26_1_1_20170113012032526.jpg.chip.jpg,26,1,1
26_1_1_20170116011336602.jpg.chip.jpg,26,1,1
26_1_1_20170116014015136.jpg.chip.jpg,26,1,1
26_1_1_20170116153807471.jpg.chip.jpg,26,1,1
26_1_1_20170116155807484.jpg.chip.jpg,26,1,1
26_1_1_20170116160918398.jpg.chip.jpg,26,1,1
26_1_1_20170116170901103.jpg.chip.jpg,26,1,1
26_1_1_20170116174149455.jpg.chip.jpg,26,1,1
26_1_1_20170116180739158.jpg.chip.jpg,26,1,1
26_1_1_20170116222453317.jpg.chip.jpg,26,1,1
26_1_1_20170116223036741.jpg.chip.jpg,26,1,1
26_1_1_20170116223404554.jpg.chip.jpg,26,1,1
26_1_1_20170116231533347.jpg.chip.jpg,26,1,1
26_1_1_20170116231923179.jpg.chip.jpg,26,1,1
26_1_1_20170116231926819.jpg.chip.jpg,26,1,1
26_1_1_20170116232824362.jpg.chip.jpg,26,1,1
26_1_1_20170116233457700.jpg.chip.jpg,26,1,1
26_1_1_20170116233519519.jpg.chip.jpg,26,1,1
26_1_1_20170117173805126.jpg.chip.jpg,26,1,1
26_1_2_20170104015741532.jpg.chip.jpg,26,1,2
26_1_2_20170104022154229.jpg.chip.jpg,26,1,2
26_1_2_20170116173710627.jpg.chip.jpg,26,1,2
26_1_2_20170116175508654.jpg.chip.jpg,26,1,2
26_1_2_20170116175511254.jpg.chip.jpg,26,1,2
26_1_2_20170116175847741.jpg.chip.jpg,26,1,2
26_1_2_20170116180228453.jpg.chip.jpg,26,1,2
26_1_2_20170116180234218.jpg.chip.jpg,26,1,2
26_1_2_20170116184043483.jpg.chip.jpg,26,1,2
26_1_2_20170116184050204.jpg.chip.jpg,26,1,2
26_1_2_20170116184134921.jpg.chip.jpg,26,1,2
26_1_2_20170116184450443.jpg.chip.jpg,26,1,2
26_1_2_20170116184456081.jpg.chip.jpg,26,1,2
26_1_2_20170116184831737.jpg.chip.jpg,26,1,2
26_1_3_20161220221501954.jpg.chip.jpg,26,1,3
26_1_3_20170104222855375.jpg.chip.jpg,26,1,3
26_1_3_20170104223003860.jpg.chip.jpg,26,1,3
26_1_3_20170104232952337.jpg.chip.jpg,26,1,3
26_1_3_20170109133227729.jpg.chip.jpg,26,1,3
26_1_3_20170109134536902.jpg.chip.jpg,26,1,3
26_1_3_20170116180310868.jpg.chip.jpg,26,1,3
26_1_3_20170117153326979.jpg.chip.jpg,26,1,3
26_1_3_20170117153630883.jpg.chip.jpg,26,1,3
26_1_3_20170117154510952.jpg.chip.jpg,26,1,3
26_1_3_20170117174028333.jpg.chip.jpg,26,1,3
26_1_3_20170117174330285.jpg.chip.jpg,26,1,3
26_1_3_20170117174340222.jpg.chip.jpg,26,1,3
26_1_3_20170117174433574.jpg.chip.jpg,26,1,3
26_1_3_20170119144411037.jpg.chip.jpg,26,1,3
26_1_3_20170119181313268.jpg.chip.jpg,26,1,3
26_1_3_20170119192255577.jpg.chip.jpg,26,1,3
26_1_3_20170119192422098.jpg.chip.jpg,26,1,3
26_1_3_20170119193058134.jpg.chip.jpg,26,1,3
26_1_3_20170119193120649.jpg.chip.jpg,26,1,3
26_1_3_20170119193121906.jpg.chip.jpg,26,1,3
26_1_3_20170119193142729.jpg.chip.jpg,26,1,3
26_1_3_20170119193146097.jpg.chip.jpg,26,1,3
26_1_3_20170119193148570.jpg.chip.jpg,26,1,3
26_1_4_20170103224710662.jpg.chip.jpg,26,1,4
26_1_4_20170103224820592.jpg.chip.jpg,26,1,4
26_1_4_20170103225129568.jpg.chip.jpg,26,1,4
26_1_4_20170116181035930.jpg.chip.jpg,26,1,4
26_1_4_20170117154137164.jpg.chip.jpg,26,1,4
26_1_4_20170117174527047.jpg.chip.jpg,26,1,4
26_1_4_20170117174529702.jpg.chip.jpg,26,1,4
26_1_4_20170117201454965.jpg.chip.jpg,26,1,4
27_0_0_20170116204811619.jpg.chip.jpg,27,0,0
27_0_0_20170116205321366.jpg.chip.jpg,27,0,0
27_0_0_20170117010719987.jpg.chip.jpg,27,0,0
27_0_0_20170117020138207.jpg.chip.jpg,27,0,0
27_0_0_20170117120549066.jpg.chip.jpg,27,0,0
27_0_0_20170117144431762.jpg.chip.jpg,27,0,0
27_0_0_20170117175356352.jpg.chip.jpg,27,0,0
27_0_0_20170117175631490.jpg.chip.jpg,27,0,0
27_0_0_20170117175813577.jpg.chip.jpg,27,0,0
27_0_1_20170104181441861.jpg.chip.jpg,27,0,1
27_0_1_20170113000907378.jpg.chip.jpg,27,0,1
27_0_1_20170113133215272.jpg.chip.jpg,27,0,1
27_0_1_20170114030833116.jpg.chip.jpg,27,0,1
27_0_1_20170117010142496.jpg.chip.jpg,27,0,1
27_0_1_20170117013649763.jpg.chip.jpg,27,0,1
27_0_1_20170117183610688.jpg.chip.jpg,27,0,1
27_0_1_20170117192056655.jpg.chip.jpg,27,0,1
27_0_2_20170116171028124.jpg.chip.jpg,27,0,2
27_0_2_20170116184844591.jpg.chip.jpg,27,0,2
27_0_2_20170116184846062.jpg.chip.jpg,27,0,2
27_0_3_20170104200540418.jpg.chip.jpg,27,0,3
27_0_3_20170119155943666.jpg.chip.jpg,27,0,3
27_0_3_20170119193230738.jpg.chip.jpg,27,0,3
27_0_3_20170119193304226.jpg.chip.jpg,27,0,3
27_0_3_20170119194353171.jpg.chip.jpg,27,0,3
27_0_4_20170103235026964.jpg.chip.jpg,27,0,4
27_0_4_20170105163841596.jpg.chip.jpg,27,0,4
27_0_4_20170113133316808.jpg.chip.jpg,27,0,4
27_1_0_20170103180241879.jpg.chip.jpg,27,1,0
27_1_0_20170103210530706.jpg.chip.jpg,27,1,0
27_1_0_20170103223625383.jpg.chip.jpg,27,1,0
27_1_0_20170117010407544.jpg.chip.jpg,27,1,0
27_1_0_20170117014038281.jpg.chip.jpg,27,1,0
27_1_0_20170117120620652.jpg.chip.jpg,27,1,0
27_1_1_20170112234549479.jpg.chip.jpg,27,1,1
27_1_1_20170117005946474.jpg.chip.jpg,27,1,1
27_1_1_20170117120629605.jpg.chip.jpg,27,1,1
27_1_2_20170116163123283.jpg.chip.jpg,27,1,2
27_1_2_20170116163900043.jpg.chip.jpg,27,1,2
27_1_2_20170116192252052.jpg.chip.jpg,27,1,2
27_1_3_20170116173028210.jpg.chip.jpg,27,1,3
27_1_4_20170103182145377.jpg.chip.jpg,27,1,4
28_0_0_20170103225936561.jpg.chip.jpg,28,0,0
28_0_0_20170113161024162.jpg.chip.jpg,28,0,0
28_0_0_20170116213506025.jpg.chip.jpg,28,0,0
28_0_0_20170116223051730.jpg.chip.jpg,28,0,0
28_0_0_20170117121808358.jpg.chip.jpg,28,0,0
28_0_0_20170117180430030.jpg.chip.jpg,28,0,0
28_0_0_20170117180622480.jpg.chip.jpg,28,0,0
28_0_0_20170119155105218.jpg.chip.jpg,28,0,0
28_0_0_20170119194754322.jpg.chip.jpg,28,0,0
28_0_0_20170119194800515.jpg.chip.jpg,28,0,0
28_0_0_20170120133901719.jpg.chip.jpg,28,0,0
28_0_0_20170120134320743.jpg.chip.jpg,28,0,0
28_0_1_20170104202028882.jpg.chip.jpg,28,0,1
28_0_1_20170113011940681.jpg.chip.jpg,28,0,1
28_0_1_20170113133340457.jpg.chip.jpg,28,0,1
28_0_1_20170113134036488.jpg.chip.jpg,28,0,1
28_0_1_20170113134651866.jpg.chip.jpg,28,0,1
28_0_1_20170113135703082.jpg.chip.jpg,28,0,1
28_0_1_20170113142308413.jpg.chip.jpg,28,0,1
28_0_1_20170113142348356.jpg.chip.jpg,28,0,1
28_0_1_20170113193253025.jpg.chip.jpg,28,0,1
28_0_1_20170113195927894.jpg.chip.jpg,28,0,1
28_0_1_20170116002900246.jpg.chip.jpg,28,0,1
28_0_1_20170116010545437.jpg.chip.jpg,28,0,1
28_0_1_20170116152956497.jpg.chip.jpg,28,0,1
28_0_1_20170116210503300.jpg.chip.jpg,28,0,1
28_0_1_20170117020416787.jpg.chip.jpg,28,0,1
28_0_1_20170117202354238.jpg.chip.jpg,28,0,1
28_0_2_20170116164225550.jpg.chip.jpg,28,0,2
28_0_2_20170116170649686.jpg.chip.jpg,28,0,2
28_0_3_20170104215616229.jpg.chip.jpg,28,0,3
28_0_3_20170119162759516.jpg.chip.jpg,28,0,3
28_0_3_20170119194452931.jpg.chip.jpg,28,0,3
28_0_3_20170119194457163.jpg.chip.jpg,28,0,3
28_0_3_20170119194506507.jpg.chip.jpg,28,0,3
28_0_3_20170119194514838.jpg.chip.jpg,28,0,3
28_0_3_20170119194817585.jpg.chip.jpg,28,0,3
28_0_4_20170103235312020.jpg.chip.jpg,28,0,4
28_0_4_20170105162459467.jpg.chip.jpg,28,0,4
28_0_4_20170109002923202.jpg.chip.jpg,28,0,4
28_0_4_20170117180230348.jpg.chip.jpg,28,0,4
28_0_4_20170117190111300.jpg.chip.jpg,28,0,4
28_1_0_20170105162423130.jpg.chip.jpg,28,1,0
28_1_0_20170111182452808.jpg.chip.jpg,28,1,0
28_1_0_20170115235915388.jpg.chip.jpg,28,1,0
28_1_0_20170116173054767.jpg.chip.jpg,28,1,0
28_1_0_20170116222126409.jpg.chip.jpg,28,1,0
28_1_0_20170116223114979.jpg.chip.jpg,28,1,0
28_1_0_20170117122008648.jpg.chip.jpg,28,1,0
28_1_0_20170117140041948.jpg.chip.jpg,28,1,0
28_1_0_20170117180423496.jpg.chip.jpg,28,1,0
28_1_0_20170117180659169.jpg.chip.jpg,28,1,0
28_1_0_20170117180704448.jpg.chip.jpg,28,1,0
28_1_0_20170117183207853.jpg.chip.jpg,28,1,0
28_1_0_20170117190450170.jpg.chip.jpg,28,1,0
28_1_0_20170117193022560.jpg.chip.jpg,28,1,0
28_1_1_20170103225945785.jpg.chip.jpg,28,1,1
28_1_1_20170112204756098.jpg.chip.jpg,28,1,1
28_1_1_20170112230737559.jpg.chip.jpg,28,1,1
28_1_1_20170112234143831.jpg.chip.jpg,28,1,1
28_1_1_20170117022232281.jpg.chip.jpg,28,1,1
28_1_2_20170116161950375.jpg.chip.jpg,28,1,2
28_1_2_20170116162424590.jpg.chip.jpg,28,1,2
28_1_2_20170116162739672.jpg.chip.jpg,28,1,2
28_1_2_20170116164649902.jpg.chip.jpg,28,1,2
28_1_2_20170116165557121.jpg.chip.jpg,28,1,2
28_1_2_201701161846515488.jpg.chip.jpg,28,1,2
28_1_2_20170116190129400.jpg.chip.jpg,28,1,2
28_1_3_20170104220307950.jpg.chip.jpg,28,1,3
28_1_3_20170104232946267.jpg.chip.jpg,28,1,3
28_1_3_20170119154512882.jpg.chip.jpg,28,1,3
28_1_3_20170119195058029.jpg.chip.jpg,28,1,3
28_1_3_20170119195110339.jpg.chip.jpg,28,1,3
28_1_4_20170103235832524.jpg.chip.jpg,28,1,4
28_1_4_20170104165215184.jpg.chip.jpg,28,1,4
28_1_4_20170117143635625.jpg.chip.jpg,28,1,4
28_1_4_20170117202601469.jpg.chip.jpg,28,1,4
29_0_0_20170104235501676.jpg.chip.jpg,29,0,0
29_0_0_20170117180920915.jpg.chip.jpg,29,0,0
29_0_1_20170113133129655.jpg.chip.jpg,29,0,1
29_0_1_20170113141803388.jpg.chip.jpg,29,0,1
29_0_1_20170116194416791.jpg.chip.jpg,29,0,1
29_0_1_20170116205636712.jpg.chip.jpg,29,0,1
29_0_1_20170117012800357.jpg.chip.jpg,29,0,1
29_0_1_20170117104606138.jpg.chip.jpg,29,0,1
29_0_2_20170116172041615.jpg.chip.jpg,29,0,2
29_0_2_20170116172141170.jpg.chip.jpg,29,0,2
29_0_2_20170116190029257.jpg.chip.jpg,29,0,2
29_0_3_20170117180741530.jpg.chip.jpg,29,0,3
29_0_3_20170119153035762.jpg.chip.jpg,29,0,3
29_0_3_20170119195115853.jpg.chip.jpg,29,0,3
29_0_3_20170119195338355.jpg.chip.jpg,29,0,3
29_0_4_20170117202712541.jpg.chip.jpg,29,0,4
29_1_0_20170104184312581.jpg.chip.jpg,29,1,0
29_1_0_20170105002624350.jpg.chip.jpg,29,1,0
29_1_0_20170105163239939.jpg.chip.jpg,29,1,0
29_1_0_20170116175235312.jpg.chip.jpg,29,1,0
29_1_0_20170116220908902.jpg.chip.jpg,29,1,0
29_1_0_20170117005833085.jpg.chip.jpg,29,1,0
29_1_0_20170117184636364.jpg.chip.jpg,29,1,0
29_1_1_20170104192718648.jpg.chip.jpg,29,1,1
29_1_1_20170112235118232.jpg.chip.jpg,29,1,1
29_1_1_20170114031631995.jpg.chip.jpg,29,1,1
29_1_1_20170114032143096.jpg.chip.jpg,29,1,1
29_1_1_20170116021333343.jpg.chip.jpg,29,1,1
29_1_1_20170116021855730.jpg.chip.jpg,29,1,1
29_1_1_20170116023929751.jpg.chip.jpg,29,1,1
29_1_1_20170116222109155.jpg.chip.jpg,29,1,1
29_1_2_20170116163132225.jpg.chip.jpg,29,1,2
29_1_2_20170116163331282.jpg.chip.jpg,29,1,2
29_1_2_20170116164937910.jpg.chip.jpg,29,1,2
29_1_2_20170116174619470.jpg.chip.jpg,29,1,2
29_1_3_20170104235518987.jpg.chip.jpg,29,1,3
29_1_3_20170117143838036.jpg.chip.jpg,29,1,3
2_0_0_20161219160731126.jpg.chip.jpg,2,0,0
2_0_0_20170109191327945.jpg.chip.jpg,2,0,0
2_0_0_20170110213349752.jpg.chip.jpg,2,0,0
2_0_0_20170110213705227.jpg.chip.jpg,2,0,0
2_0_2_20161219141650121.jpg.chip.jpg,2,0,2
2_0_2_20161219161037494.jpg.chip.jpg,2,0,2
2_0_2_20161219162403159.jpg.chip.jpg,2,0,2
2_0_2_20161219204037716.jpg.chip.jpg,2,0,2
2_0_2_20161219212329726.jpg.chip.jpg,2,0,2
2_0_2_20170110212538628.jpg.chip.jpg,2,0,2
2_0_3_20161220144721023.jpg.chip.jpg,2,0,3
2_0_4_20161221192934773.jpg.chip.jpg,2,0,4
2_1_0_20170109191548450.jpg.chip.jpg,2,1,0
2_1_0_20170109191720148.jpg.chip.jpg,2,1,0
2_1_0_20170109193728905.jpg.chip.jpg,2,1,0
2_1_0_20170110213155874.jpg.chip.jpg,2,1,0
2_1_1_20170109194651472.jpg.chip.jpg,2,1,1
2_1_2_20161219140706417.jpg.chip.jpg,2,1,2
2_1_2_20161219151919100.jpg.chip.jpg,2,1,2
2_1_2_20161219152918020.jpg.chip.jpg,2,1,2
2_1_2_20161219162736198.jpg.chip.jpg,2,1,2
2_1_2_20161219192330594.jpg.chip.jpg,2,1,2
2_1_2_20161219203118564.jpg.chip.jpg,2,1,2
2_1_2_20161219215651168.jpg.chip.jpg,2,1,2
2_1_3_20161219225738912.jpg.chip.jpg,2,1,3
2_1_4_20161221201820529.jpg.chip.jpg,2,1,4
30_0_0_20170104201747498.jpg.chip.jpg,30,0,0
30_0_0_20170116221939722.jpg.chip.jpg,30,0,0
30_0_0_20170117003435100.jpg.chip.jpg,30,0,0
30_0_0_20170117120906582.jpg.chip.jpg,30,0,0
30_0_0_20170117125941072.jpg.chip.jpg,30,0,0
30_0_0_20170117142934426.jpg.chip.jpg,30,0,0
30_0_0_20170117151314107.jpg.chip.jpg,30,0,0
30_0_0_20170117171629282.jpg.chip.jpg,30,0,0
30_0_0_20170117180449799.jpg.chip.jpg,30,0,0
30_0_0_20170117181207964.jpg.chip.jpg,30,0,0
30_0_0_20170119195542220.jpg.chip.jpg,30,0,0
30_0_0_20170120220656642.jpg.chip.jpg,30,0,0
30_0_1_20170116010659651.jpg.chip.jpg,30,0,1
30_0_1_20170117123915360.jpg.chip.jpg,30,0,1
30_0_1_20170117130040363.jpg.chip.jpg,30,0,1
30_0_1_20170117202835519.jpg.chip.jpg,30,0,1
30_0_2_20170116171830989.jpg.chip.jpg,30,0,2
30_0_2_20170116173046870.jpg.chip.jpg,30,0,2
30_0_2_20170116174814595.jpg.chip.jpg,30,0,2
30_0_3_20170117150038298.jpg.chip.jpg,30,0,3
30_0_3_20170119195646516.jpg.chip.jpg,30,0,3
30_0_3_20170119195801076.jpg.chip.jpg,30,0,3
30_0_4_20170104000115245.jpg.chip.jpg,30,0,4
30_0_4_20170105170010108.jpg.chip.jpg,30,0,4
30_0_4_20170117200730006.jpg.chip.jpg,30,0,4
30_1_0_20170105170137612.jpg.chip.jpg,30,1,0
30_1_0_20170116191956794.jpg.chip.jpg,30,1,0
30_1_0_20170116222711779.jpg.chip.jpg,30,1,0
30_1_0_20170117135302551.jpg.chip.jpg,30,1,0
30_1_0_20170117140336640.jpg.chip.jpg,30,1,0
30_1_0_20170117140914217.jpg.chip.jpg,30,1,0
30_1_0_20170117181545532.jpg.chip.jpg,30,1,0
30_1_1_20170112215039472.jpg.chip.jpg,30,1,1
30_1_1_20170112231841071.jpg.chip.jpg,30,1,1
30_1_1_20170113001440458.jpg.chip.jpg,30,1,1
30_1_1_20170113011704335.jpg.chip.jpg,30,1,1
30_1_1_20170117133823487.jpg.chip.jpg,30,1,1
30_1_2_20170105002521620.jpg.chip.jpg,30,1,2
30_1_2_20170116162446989.jpg.chip.jpg,30,1,2
30_1_2_20170116163322535.jpg.chip.jpg,30,1,2
30_1_2_20170116175923384.jpg.chip.jpg,30,1,2
30_1_2_20170116192249012.jpg.chip.jpg,30,1,2
30_1_2_20170116201553981.jpg.chip.jpg,30,1,2
30_1_2_20170117092239284.jpg.chip.jpg,30,1,2
30_1_2_20170117141055697.jpg.chip.jpg,30,1,2
30_1_3_20170104231929137.jpg.chip.jpg,30,1,3
30_1_3_20170117132645658.jpg.chip.jpg,30,1,3
30_1_4_20170117203559144.jpg.chip.jpg,30,1,4
31_0_0_20170116193252933.jpg.chip.jpg,31,0,0
31_0_0_20170117130657701.jpg.chip.jpg,31,0,0
31_0_1_20170116004652226.jpg.chip.jpg,31,0,1
31_0_1_20170116192548730.jpg.chip.jpg,31,0,1
31_0_1_20170116214505667.jpg.chip.jpg,31,0,1
31_0_3_20170104232355440.jpg.chip.jpg,31,0,3
31_0_4_20170116214318093.jpg.chip.jpg,31,0,4
31_1_0_20170117133158992.jpg.chip.jpg,31,1,0
31_1_1_20170112210531485.jpg.chip.jpg,31,1,1
31_1_1_20170112235015193.jpg.chip.jpg,31,1,1
31_1_1_20170116233436288.jpg.chip.jpg,31,1,1
31_1_2_20170104020928085.jpg.chip.jpg,31,1,2
31_1_2_20170104023111549.jpg.chip.jpg,31,1,2
31_1_3_20170104223314431.jpg.chip.jpg,31,1,3
32_0_0_20170104172409163.jpg.chip.jpg,32,0,0
32_0_0_20170113141839586.jpg.chip.jpg,32,0,0
32_0_0_20170116205924224.jpg.chip.jpg,32,0,0
32_0_0_20170117021349237.jpg.chip.jpg,32,0,0
32_0_1_20170113142343044.jpg.chip.jpg,32,0,1
32_0_1_20170113152839433.jpg.chip.jpg,32,0,1
32_0_1_20170113173617737.jpg.chip.jpg,32,0,1
32_0_1_20170113182309733.jpg.chip.jpg,32,0,1
32_0_1_20170115230958202.jpg.chip.jpg,32,0,1
32_0_1_20170115234806792.jpg.chip.jpg,32,0,1
32_0_2_20170116190057472.jpg.chip.jpg,32,0,2
32_0_3_20170104230706290.jpg.chip.jpg,32,0,3
32_0_3_20170113190504936.jpg.chip.jpg,32,0,3
32_0_3_20170117182131397.jpg.chip.jpg,32,0,3
32_0_3_20170117182343614.jpg.chip.jpg,32,0,3
32_0_3_20170119162959965.jpg.chip.jpg,32,0,3
32_0_3_20170119200337060.jpg.chip.jpg,32,0,3
32_0_3_20170119200401517.jpg.chip.jpg,32,0,3
32_1_0_20170104171643865.jpg.chip.jpg,32,1,0
32_1_0_20170105173150717.jpg.chip.jpg,32,1,0
32_1_0_20170109134507157.jpg.chip.jpg,32,1,0
32_1_0_20170109140418625.jpg.chip.jpg,32,1,0
32_1_0_20170117001041422.jpg.chip.jpg,32,1,0
32_1_0_20170117092300323.jpg.chip.jpg,32,1,0
32_1_0_20170120220532409.jpg.chip.jpg,32,1,0
32_1_1_20170113001556123.jpg.chip.jpg,32,1,1
32_1_1_20170113012217433.jpg.chip.jpg,32,1,1
32_1_1_20170113012741371.jpg.chip.jpg,32,1,1
32_1_1_20170114030220034.jpg.chip.jpg,32,1,1
32_1_1_20170116001955132.jpg.chip.jpg,32,1,1
32_1_1_20170116174204651.jpg.chip.jpg,32,1,1
32_1_1_20170117140855418.jpg.chip.jpg,32,1,1
32_1_1_20170117140927443.jpg.chip.jpg,32,1,1
32_1_2_20170104202227882.jpg.chip.jpg,32,1,2
32_1_2_20170116175135519.jpg.chip.jpg,32,1,2
32_1_4_20170104000720352.jpg.chip.jpg,32,1,4
33_0_0_20170104192751495.jpg.chip.jpg,33,0,0
33_0_1_20170116192517064.jpg.chip.jpg,33,0,1
33_0_3_20170119164240414.jpg.chip.jpg,33,0,3
33_1_1_20170113001213379.jpg.chip.jpg,33,1,1
34_0_0_20170104191711254.jpg.chip.jpg,34,0,0
34_0_0_20170116182356566.jpg.chip.jpg,34,0,0
34_0_0_20170116193401057.jpg.chip.jpg,34,0,0
34_0_0_20170116214408892.jpg.chip.jpg,34,0,0
34_0_0_20170117121628625.jpg.chip.jpg,34,0,0
34_0_0_20170117134916472.jpg.chip.jpg,34,0,0
34_0_0_20170117134919534.jpg.chip.jpg,34,0,0
34_0_0_20170117135545874.jpg.chip.jpg,34,0,0
34_0_0_20170117182649925.jpg.chip.jpg,34,0,0
34_0_0_20170119200810940.jpg.chip.jpg,34,0,0
34_0_1_20170112215212041.jpg.chip.jpg,34,0,1
34_0_1_20170113142048204.jpg.chip.jpg,34,0,1
34_0_1_20170113151838664.jpg.chip.jpg,34,0,1
34_0_1_20170113173645019.jpg.chip.jpg,34,0,1
34_0_1_20170117141346326.jpg.chip.jpg,34,0,1
34_0_2_20170105173426253.jpg.chip.jpg,34,0,2
34_0_2_20170112205459219.jpg.chip.jpg,34,0,2
34_0_3_20170119151259742.jpg.chip.jpg,34,0,3
34_0_3_20170119165359030.jpg.chip.jpg,34,0,3
34_0_3_20170119200600229.jpg.chip.jpg,34,0,3
34_0_3_20170119200628579.jpg.chip.jpg,34,0,3
34_0_3_20170119200814036.jpg.chip.jpg,34,0,3
34_1_0_20170103182644010.jpg.chip.jpg,34,1,0
34_1_1_20170116021114210.jpg.chip.jpg,34,1,1
34_1_1_20170116172030437.jpg.chip.jpg,34,1,1
34_1_1_20170117194352091.jpg.chip.jpg,34,1,1
34_1_3_20170105000852573.jpg.chip.jpg,34,1,3
34_1_3_20170119200853821.jpg.chip.jpg,34,1,3
35_0_0_20170117135252857.jpg.chip.jpg,35,0,0
35_0_0_20170117151444756.jpg.chip.jpg,35,0,0
35_0_0_20170117175724098.jpg.chip.jpg,35,0,0
35_0_0_20170117180411944.jpg.chip.jpg,35,0,0
35_0_0_20170117191345092.jpg.chip.jpg,35,0,0
35_0_0_20170120220510131.jpg.chip.jpg,35,0,0
35_0_0_20170120220720314.jpg.chip.jpg,35,0,0
35_0_1_20170113141713475.jpg.chip.jpg,35,0,1
35_0_1_20170113155146201.jpg.chip.jpg,35,0,1
35_0_1_20170113195625995.jpg.chip.jpg,35,0,1
35_0_1_20170116182401789.jpg.chip.jpg,35,0,1
35_0_1_20170116225124900.jpg.chip.jpg,35,0,1
35_0_1_20170116234332976.jpg.chip.jpg,35,0,1
35_0_1_20170117141825261.jpg.chip.jpg,35,0,1
35_0_1_20170117143116001.jpg.chip.jpg,35,0,1
35_0_1_20170117170546969.jpg.chip.jpg,35,0,1
35_0_1_20170117175744492.jpg.chip.jpg,35,0,1
35_0_2_20170104201518561.jpg.chip.jpg,35,0,2
35_0_2_20170116182214766.jpg.chip.jpg,35,0,2
35_0_2_20170116182439096.jpg.chip.jpg,35,0,2
35_0_2_20170116184036787.jpg.chip.jpg,35,0,2
35_0_3_20170105172520740.jpg.chip.jpg,35,0,3
35_0_3_20170117180756185.jpg.chip.jpg,35,0,3
35_0_3_20170117182941262.jpg.chip.jpg,35,0,3
35_0_3_20170119144837604.jpg.chip.jpg,35,0,3
35_0_4_20170104165959561.jpg.chip.jpg,35,0,4
35_0_4_20170117121605150.jpg.chip.jpg,35,0,4
35_0_4_20170117130521027.jpg.chip.jpg,35,0,4
35_0_4_20170117204532088.jpg.chip.jpg,35,0,4
35_1_0_20170103230424865.jpg.chip.jpg,35,1,0
35_1_0_20170105165053628.jpg.chip.jpg,35,1,0
35_1_0_20170108225911130.jpg.chip.jpg,35,1,0
35_1_0_20170113001639849.jpg.chip.jpg,35,1,0
35_1_0_20170113005254692.jpg.chip.jpg,35,1,0
35_1_0_20170116201420399.jpg.chip.jpg,35,1,0
35_1_0_20170116201620219.jpg.chip.jpg,35,1,0
35_1_0_20170117170752436.jpg.chip.jpg,35,1,0
35_1_0_20170117190509274.jpg.chip.jpg,35,1,0
35_1_0_20170117193055396.jpg.chip.jpg,35,1,0
35_1_1_20170112204654001.jpg.chip.jpg,35,1,1
35_1_1_20170112210403180.jpg.chip.jpg,35,1,1
35_1_1_20170112215312112.jpg.chip.jpg,35,1,1
35_1_1_20170112234710496.jpg.chip.jpg,35,1,1
35_1_1_20170116165647705.jpg.chip.jpg,35,1,1
35_1_2_20170116164245925.jpg.chip.jpg,35,1,2
35_1_2_20170116191223232.jpg.chip.jpg,35,1,2
35_1_2_20170116191708474.jpg.chip.jpg,35,1,2
35_1_2_20170117183042510.jpg.chip.jpg,35,1,2
35_1_2_20170117183050262.jpg.chip.jpg,35,1,2
35_1_3_20170104232853676.jpg.chip.jpg,35,1,3
35_1_3_20170117154203196.jpg.chip.jpg,35,1,3
36_0_0_20170117090959247.jpg.chip.jpg,36,0,0
36_0_0_20170117120755229.jpg.chip.jpg,36,0,0
36_0_0_20170117135444550.jpg.chip.jpg,36,0,0
36_0_0_20170117155223901.jpg.chip.jpg,36,0,0
36_0_0_20170117183142678.jpg.chip.jpg,36,0,0
36_0_0_20170117183232940.jpg.chip.jpg,36,0,0
36_0_0_20170117203443991.jpg.chip.jpg,36,0,0
36_0_1_20170113133354400.jpg.chip.jpg,36,0,1
36_0_1_20170113163308366.jpg.chip.jpg,36,0,1
36_0_1_20170113195937061.jpg.chip.jpg,36,0,1
36_0_1_20170115205919771.jpg.chip.jpg,36,0,1
36_0_1_20170116191931354.jpg.chip.jpg,36,0,1
36_0_1_20170117163255045.jpg.chip.jpg,36,0,1
36_0_1_20170119183437846.jpg.chip.jpg,36,0,1
36_0_2_20170104165035320.jpg.chip.jpg,36,0,2
36_0_3_20170104220702798.jpg.chip.jpg,36,0,3
36_0_3_20170119180411476.jpg.chip.jpg,36,0,3
36_0_3_20170119201740725.jpg.chip.jpg,36,0,3
36_0_3_20170119201741572.jpg.chip.jpg,36,0,3
36_0_3_20170119201835557.jpg.chip.jpg,36,0,3
36_0_4_20170117203459599.jpg.chip.jpg,36,0,4
36_1_0_20170104171550313.jpg.chip.jpg,36,1,0
36_1_0_20170116165722892.jpg.chip.jpg,36,1,0
36_1_0_20170117183331622.jpg.chip.jpg,36,1,0
36_1_0_20170117183334597.jpg.chip.jpg,36,1,0
36_1_1_20170112203914370.jpg.chip.jpg,36,1,1
36_1_1_20170112224156660.jpg.chip.jpg,36,1,1
36_1_1_20170115235824976.jpg.chip.jpg,36,1,1
36_1_1_20170116002211364.jpg.chip.jpg,36,1,1
36_1_1_20170117133947127.jpg.chip.jpg,36,1,1
36_1_2_20170105000458833.jpg.chip.jpg,36,1,2
36_1_3_20170109141235854.jpg.chip.jpg,36,1,3
36_1_4_20170105001239982.jpg.chip.jpg,36,1,4
37_0_0_20170117120612576.jpg.chip.jpg,37,0,0
37_0_0_20170117145704297.jpg.chip.jpg,37,0,0
37_0_1_20170113174433771.jpg.chip.jpg,37,0,1
37_0_1_20170116193848620.jpg.chip.jpg,37,0,1
37_0_2_20170104022325581.jpg.chip.jpg,37,0,2
37_0_2_20170104201121090.jpg.chip.jpg,37,0,2
37_0_2_20170116192009515.jpg.chip.jpg,37,0,2
37_0_2_20170116192041226.jpg.chip.jpg,37,0,2
37_0_2_20170117140013545.jpg.chip.jpg,37,0,2
37_0_3_20170117183448630.jpg.chip.jpg,37,0,3
37_0_4_20170116233142186.jpg.chip.jpg,37,0,4
37_1_0_20170103183009635.jpg.chip.jpg,37,1,0
37_1_0_20170103183012994.jpg.chip.jpg,37,1,0
37_1_0_20170103183019306.jpg.chip.jpg,37,1,0
37_1_0_20170117160416815.jpg.chip.jpg,37,1,0
37_1_1_20170116023833744.jpg.chip.jpg,37,1,1
37_1_1_20170117140024639.jpg.chip.jpg,37,1,1
37_1_2_20170105164301196.jpg.chip.jpg,37,1,2
37_1_3_20170109132653966.jpg.chip.jpg,37,1,3
38_0_0_20170109012846030.jpg.chip.jpg,38,0,0
38_0_0_20170113210126612.jpg.chip.jpg,38,0,0
38_0_0_20170114033044391.jpg.chip.jpg,38,0,0
38_0_0_20170116211634643.jpg.chip.jpg,38,0,0
38_0_0_20170116235516373.jpg.chip.jpg,38,0,0
38_0_0_20170117091005107.jpg.chip.jpg,38,0,0
38_0_0_20170117133153508.jpg.chip.jpg,38,0,0
38_0_0_20170117153622676.jpg.chip.jpg,38,0,0
38_0_1_20170105183954127.jpg.chip.jpg,38,0,1
38_0_1_20170113152121359.jpg.chip.jpg,38,0,1
38_0_1_20170113174041634.jpg.chip.jpg,38,0,1
38_0_1_20170113183109470.jpg.chip.jpg,38,0,1
38_0_2_20170104194407752.jpg.chip.jpg,38,0,2
38_0_4_20170104000126452.jpg.chip.jpg,38,0,4
38_1_0_20170104183632893.jpg.chip.jpg,38,1,0
38_1_1_20170112233741014.jpg.chip.jpg,38,1,1
38_1_1_20170113001028985.jpg.chip.jpg,38,1,1
38_1_1_20170113012901907.jpg.chip.jpg,38,1,1
38_1_1_20170116171343260.jpg.chip.jpg,38,1,1
38_1_2_20170116162028800.jpg.chip.jpg,38,1,2
38_1_3_20170109140706612.jpg.chip.jpg,38,1,3
38_1_4_20170103230647441.jpg.chip.jpg,38,1,4
39_0_0_20170104183807637.jpg.chip.jpg,39,0,0
39_0_0_20170104205154433.jpg.chip.jpg,39,0,0
39_0_1_20170113135644306.jpg.chip.jpg,39,0,1
39_0_1_20170113175840205.jpg.chip.jpg,39,0,1
39_0_1_20170116010441172.jpg.chip.jpg,39,0,1
39_0_1_20170116011220421.jpg.chip.jpg,39,0,1
39_0_1_20170117165745495.jpg.chip.jpg,39,0,1
39_0_3_20170105164649724.jpg.chip.jpg,39,0,3
39_0_3_20170105172840532.jpg.chip.jpg,39,0,3
39_0_3_20170117165633172.jpg.chip.jpg,39,0,3
39_0_3_20170117184958153.jpg.chip.jpg,39,0,3
39_0_3_20170119191918705.jpg.chip.jpg,39,0,3
39_0_3_20170119203958183.jpg.chip.jpg,39,0,3
39_0_4_20170104200746817.jpg.chip.jpg,39,0,4
39_1_0_20170105164247586.jpg.chip.jpg,39,1,0
39_1_0_20170109012839681.jpg.chip.jpg,39,1,0
39_1_0_20170109132505755.jpg.chip.jpg,39,1,0
39_1_0_20170111182452865.jpg.chip.jpg,39,1,0
39_1_0_20170117175641921.jpg.chip.jpg,39,1,0
39_1_1_20170116225010927.jpg.chip.jpg,39,1,1
39_1_2_20170103183301786.jpg.chip.jpg,39,1,2
39_1_3_20170109141053796.jpg.chip.jpg,39,1,3
3_0_0_20170109191321997.jpg.chip.jpg,3,0,0
3_0_0_20170110211507718.jpg.chip.jpg,3,0,0
3_0_0_20170110212651258.jpg.chip.jpg,3,0,0
3_0_0_20170110213445289.jpg.chip.jpg,3,0,0
3_0_2_20161219160003893.jpg.chip.jpg,3,0,2
3_0_2_20161219201230500.jpg.chip.jpg,3,0,2
3_0_2_20170110212616630.jpg.chip.jpg,3,0,2
3_0_3_20161220222637579.jpg.chip.jpg,3,0,3
3_1_0_20161219190805051.jpg.chip.jpg,3,1,0
3_1_0_20170104005119728.jpg.chip.jpg,3,1,0
3_1_0_20170109194247387.jpg.chip.jpg,3,1,0
3_1_1_20170109194527475.jpg.chip.jpg,3,1,1
3_1_1_20170109194614913.jpg.chip.jpg,3,1,1
3_1_1_20170109194630568.jpg.chip.jpg,3,1,1
3_1_2_20161219141251896.jpg.chip.jpg,3,1,2
3_1_2_20161219141659416.jpg.chip.jpg,3,1,2
3_1_2_20161219141805465.jpg.chip.jpg,3,1,2
3_1_2_20161219151111483.jpg.chip.jpg,3,1,2
3_1_2_20161219162002349.jpg.chip.jpg,3,1,2
3_1_3_20161219230023400.jpg.chip.jpg,3,1,3
3_1_3_20161220220632050.jpg.chip.jpg,3,1,3
3_1_4_20170104005006111.jpg.chip.jpg,3,1,4
40_0_0_20170104184142437.jpg.chip.jpg,40,0,0
40_0_0_20170104205931291.jpg.chip.jpg,40,0,0
40_0_0_20170116211616639.jpg.chip.jpg,40,0,0
40_0_0_20170116212312565.jpg.chip.jpg,40,0,0
40_0_0_20170116225114199.jpg.chip.jpg,40,0,0
40_0_0_20170116232837710.jpg.chip.jpg,40,0,0
40_0_0_20170117090946200.jpg.chip.jpg,40,0,0
40_0_0_20170117130718950.jpg.chip.jpg,40,0,0
40_0_0_20170117133805950.jpg.chip.jpg,40,0,0
40_0_0_20170117145838179.jpg.chip.jpg,40,0,0
40_0_0_20170117170711073.jpg.chip.jpg,40,0,0
40_0_0_20170117181229922.jpg.chip.jpg,40,0,0
40_0_0_20170117185236098.jpg.chip.jpg,40,0,0
40_0_0_20170117192150908.jpg.chip.jpg,40,0,0
40_0_0_20170117202859896.jpg.chip.jpg,40,0,0
40_0_0_20170120221048429.jpg.chip.jpg,40,0,0
40_0_1_20170117135640172.jpg.chip.jpg,40,0,1
40_0_1_20170117195245795.jpg.chip.jpg,40,0,1
40_0_2_20170104192758426.jpg.chip.jpg,40,0,2
40_0_2_20170116192534886.jpg.chip.jpg,40,0,2
40_0_2_20170116222954442.jpg.chip.jpg,40,0,2
40_0_3_20170117131047444.jpg.chip.jpg,40,0,3
40_0_3_20170117164228378.jpg.chip.jpg,40,0,3
40_0_3_20170119204130582.jpg.chip.jpg,40,0,3
40_1_0_20170104021117189.jpg.chip.jpg,40,1,0
40_1_0_20170104192805191.jpg.chip.jpg,40,1,0
40_1_1_20170112205136114.jpg.chip.jpg,40,1,1
40_1_1_20170113001728994.jpg.chip.jpg,40,1,1
40_1_1_20170116162028041.jpg.chip.jpg,40,1,1
40_1_2_20170116164254791.jpg.chip.jpg,40,1,2
40_1_2_20170117121945324.jpg.chip.jpg,40,1,2
41_0_0_20170104200612385.jpg.chip.jpg,41,0,0
41_0_0_20170105172936597.jpg.chip.jpg,41,0,0
41_0_0_20170116214404363.jpg.chip.jpg,41,0,0
41_0_0_20170117133125264.jpg.chip.jpg,41,0,0
41_0_1_20170114033620952.jpg.chip.jpg,41,0,1
41_0_1_20170117140422547.jpg.chip.jpg,41,0,1
41_0_2_20170105164126307.jpg.chip.jpg,41,0,2
41_0_4_20170104205137196.jpg.chip.jpg,41,0,4
41_1_1_20170114033308804.jpg.chip.jpg,41,1,1
41_1_3_20170104235812019.jpg.chip.jpg,41,1,3
42_0_0_20170104172830274.jpg.chip.jpg,42,0,0
42_0_0_20170104205834299.jpg.chip.jpg,42,0,0
42_0_0_20170104210426844.jpg.chip.jpg,42,0,0
42_0_0_20170105161358787.jpg.chip.jpg,42,0,0
42_0_0_20170116221906957.jpg.chip.jpg,42,0,0
42_0_0_20170117135630521.jpg.chip.jpg,42,0,0
42_0_0_20170117154827918.jpg.chip.jpg,42,0,0
42_0_0_20170117171631214.jpg.chip.jpg,42,0,0
42_0_1_20170113135655554.jpg.chip.jpg,42,0,1
42_0_1_20170113150918448.jpg.chip.jpg,42,0,1
42_0_2_20170104165448593.jpg.chip.jpg,42,0,2
42_0_2_20170104172454139.jpg.chip.jpg,42,0,2
42_0_3_20170117154758183.jpg.chip.jpg,42,0,3
42_1_0_20170103183330514.jpg.chip.jpg,42,1,0
42_1_0_20170105164819483.jpg.chip.jpg,42,1,0
42_1_0_20170117121915102.jpg.chip.jpg,42,1,0
42_1_0_20170117154907268.jpg.chip.jpg,42,1,0
42_1_1_20170113012354401.jpg.chip.jpg,42,1,1
42_1_1_20170113135411027.jpg.chip.jpg,42,1,1
43_0_0_20170104210618508.jpg.chip.jpg,43,0,0
43_0_0_20170117185856051.jpg.chip.jpg,43,0,0
43_0_2_20170104210607932.jpg.chip.jpg,43,0,2
43_0_2_20170116234843299.jpg.chip.jpg,43,0,2
43_0_3_20170119211655721.jpg.chip.jpg,43,0,3
43_1_1_20170117015530911.jpg.chip.jpg,43,1,1
43_1_1_20170117193944155.jpg.chip.jpg,43,1,1
44_0_1_20170113185004294.jpg.chip.jpg,44,0,1
44_0_3_20170119165428991.jpg.chip.jpg,44,0,3
44_0_3_20170119200334516.jpg.chip.jpg,44,0,3
44_1_3_20170104235304584.jpg.chip.jpg,44,1,3
45_0_0_20170111181750431.jpg.chip.jpg,45,0,0
45_0_0_20170116233233803.jpg.chip.jpg,45,0,0
45_0_0_20170117121756358.jpg.chip.jpg,45,0,0
45_0_0_20170117145901316.jpg.chip.jpg,45,0,0
45_0_0_20170117154252436.jpg.chip.jpg,45,0,0
45_0_0_20170117182929156.jpg.chip.jpg,45,0,0
45_0_0_20170117192031378.jpg.chip.jpg,45,0,0
45_0_0_20170117203724896.jpg.chip.jpg,45,0,0
45_0_0_20170117204641954.jpg.chip.jpg,45,0,0
45_0_0_20170120220616729.jpg.chip.jpg,45,0,0
45_0_1_20170113155252610.jpg.chip.jpg,45,0,1
45_0_1_20170114033528807.jpg.chip.jpg,45,0,1
45_0_1_20170116142935103.jpg.chip.jpg,45,0,1
45_0_3_20170117165700077.jpg.chip.jpg,45,0,3
45_0_3_20170119165720733.jpg.chip.jpg,45,0,3
45_0_3_20170119202703548.jpg.chip.jpg,45,0,3
45_0_4_20170117203301774.jpg.chip.jpg,45,0,4
45_1_0_20170104205620028.jpg.chip.jpg,45,1,0
45_1_0_20170117145704297.jpg.chip.jpg,45,1,0
45_1_1_20170116234410850.jpg.chip.jpg,45,1,1
46_0_0_20170103183413994.jpg.chip.jpg,46,0,0
46_0_0_20170104205733811.jpg.chip.jpg,46,0,0
46_0_0_20170117135809096.jpg.chip.jpg,46,0,0
46_0_1_20170113173056321.jpg.chip.jpg,46,0,1
46_0_3_20170119183229046.jpg.chip.jpg,46,0,3
46_1_0_20170120133945310.jpg.chip.jpg,46,1,0
46_1_1_20170112220304903.jpg.chip.jpg,46,1,1
46_1_1_20170116022038426.jpg.chip.jpg,46,1,1
47_0_0_20170104211822836.jpg.chip.jpg,47,0,0
47_0_0_20170105173116787.jpg.chip.jpg,47,0,0
47_0_1_20170117193737256.jpg.chip.jpg,47,0,1
47_0_4_20170104210453028.jpg.chip.jpg,47,0,4
47_1_0_20170103183432930.jpg.chip.jpg,47,1,0
48_0_0_20170104212017204.jpg.chip.jpg,48,0,0
48_0_0_20170117183518783.jpg.chip.jpg,48,0,0
48_0_1_20170104212527708.jpg.chip.jpg,48,0,1
48_0_3_20170119205339015.jpg.chip.jpg,48,0,3
48_1_0_20170109011221762.jpg.chip.jpg,48,1,0
48_1_0_20170109142203204.jpg.chip.jpg,48,1,0
48_1_0_20170110152853674.jpg.chip.jpg,48,1,0
48_1_0_20170110154357405.jpg.chip.jpg,48,1,0
48_1_0_20170110154607979.jpg.chip.jpg,48,1,0
49_0_0_20170104212545028.jpg.chip.jpg,49,0,0
49_0_0_20170104212843900.jpg.chip.jpg,49,0,0
49_0_1_20170117173446675.jpg.chip.jpg,49,0,1
49_0_3_20170119201931356.jpg.chip.jpg,49,0,3
49_1_0_20170117160608302.jpg.chip.jpg,49,1,0
49_1_3_20170104231642491.jpg.chip.jpg,49,1,3
49_1_3_20170104235844116.jpg.chip.jpg,49,1,3
49_1_3_20170109132625049.jpg.chip.jpg,49,1,3
49_1_4_20170104235649484.jpg.chip.jpg,49,1,4
4_0_0_20170110205422145.jpg.chip.jpg,4,0,0
4_0_0_20170110213510791.jpg.chip.jpg,4,0,0
4_0_0_20170110213530901.jpg.chip.jpg,4,0,0
4_0_1_20170104010848776.jpg.chip.jpg,4,0,1
4_0_1_20170110213631827.jpg.chip.jpg,4,0,1
4_0_2_20161219154925917.jpg.chip.jpg,4,0,2
4_0_2_20161219192408395.jpg.chip.jpg,4,0,2
4_0_2_20170110211530774.jpg.chip.jpg,4,0,2
4_0_3_20161220145148791.jpg.chip.jpg,4,0,3
4_0_3_20161220220726266.jpg.chip.jpg,4,0,3
4_0_3_20161220220742914.jpg.chip.jpg,4,0,3
4_0_3_20161220220754249.jpg.chip.jpg,4,0,3
4_1_0_20161219201246716.jpg.chip.jpg,4,1,0
4_1_0_20170103212153219.jpg.chip.jpg,4,1,0
4_1_0_20170104005345015.jpg.chip.jpg,4,1,0
4_1_0_20170109192110040.jpg.chip.jpg,4,1,0
4_1_0_20170109193342601.jpg.chip.jpg,4,1,0
4_1_2_20161219141811089.jpg.chip.jpg,4,1,2
4_1_2_20161219160314709.jpg.chip.jpg,4,1,2
4_1_2_20161219160740335.jpg.chip.jpg,4,1,2
4_1_2_20170109192021720.jpg.chip.jpg,4,1,2
4_1_3_20161219225056888.jpg.chip.jpg,4,1,3
4_1_4_20161223230002625.jpg.chip.jpg,4,1,4
4_1_4_20161223231735684.jpg.chip.jpg,4,1,4
50_0_0_20170103183532811.jpg.chip.jpg,50,0,0
50_0_0_20170104212118221.jpg.chip.jpg,50,0,0
50_0_0_20170109010637842.jpg.chip.jpg,50,0,0
50_0_0_20170111200954229.jpg.chip.jpg,50,0,0
50_0_0_20170116225153572.jpg.chip.jpg,50,0,0
50_0_0_20170117172638411.jpg.chip.jpg,50,0,0
50_0_0_20170117180346013.jpg.chip.jpg,50,0,0
50_0_0_20170120133622629.jpg.chip.jpg,50,0,0
50_0_1_20170113173649243.jpg.chip.jpg,50,0,1
50_0_1_20170117173432690.jpg.chip.jpg,50,0,1
50_0_2_20170104181606318.jpg.chip.jpg,50,0,2
50_0_2_20170116172953191.jpg.chip.jpg,50,0,2
50_0_2_20170116173539623.jpg.chip.jpg,50,0,2
50_0_3_20170104183620454.jpg.chip.jpg,50,0,3
50_0_3_20170117190730009.jpg.chip.jpg,50,0,3
50_0_3_20170119203831751.jpg.chip.jpg,50,0,3
50_0_3_20170119204324047.jpg.chip.jpg,50,0,3
50_0_3_20170119204347415.jpg.chip.jpg,50,0,3
50_0_3_20170119204418614.jpg.chip.jpg,50,0,3
50_0_3_20170119204603807.jpg.chip.jpg,50,0,3
50_0_3_20170119205201920.jpg.chip.jpg,50,0,3
50_0_3_20170119205600824.jpg.chip.jpg,50,0,3
50_0_4_20170104210650526.jpg.chip.jpg,50,0,4
50_0_4_20170117203237079.jpg.chip.jpg,50,0,4
50_1_0_20170109012137723.jpg.chip.jpg,50,1,0
50_1_0_20170110143350447.jpg.chip.jpg,50,1,0
50_1_0_20170110153432618.jpg.chip.jpg,50,1,0
50_1_0_20170116222756898.jpg.chip.jpg,50,1,0
50_1_0_20170117181420604.jpg.chip.jpg,50,1,0
50_1_1_20170114031511007.jpg.chip.jpg,50,1,1
50_1_1_20170117001143232.jpg.chip.jpg,50,1,1
51_0_0_20170109134337423.jpg.chip.jpg,51,0,0
51_0_0_20170111203742983.jpg.chip.jpg,51,0,0
51_0_0_20170117130112885.jpg.chip.jpg,51,0,0
51_0_0_20170117190822714.jpg.chip.jpg,51,0,0
51_0_2_20170112202949866.jpg.chip.jpg,51,0,2
51_1_0_20170110140837714.jpg.chip.jpg,51,1,0
52_0_0_20170104184201550.jpg.chip.jpg,52,0,0
52_0_0_20170104211941860.jpg.chip.jpg,52,0,0
52_0_0_20170104212238236.jpg.chip.jpg,52,0,0
52_0_0_20170104212243804.jpg.chip.jpg,52,0,0
52_0_0_20170113184840654.jpg.chip.jpg,52,0,0
52_0_0_20170116233057278.jpg.chip.jpg,52,0,0
52_0_1_20170113142156388.jpg.chip.jpg,52,0,1
52_0_1_20170117173744776.jpg.chip.jpg,52,0,1
52_0_2_20170112220444687.jpg.chip.jpg,52,0,2
52_0_3_20170119204331863.jpg.chip.jpg,52,0,3
52_1_0_20170103163625630.jpg.chip.jpg,52,1,0
52_1_0_20170110153654447.jpg.chip.jpg,52,1,0
52_1_0_20170119202531405.jpg.chip.jpg,52,1,0
53_0_0_20170109002933938.jpg.chip.jpg,53,0,0
53_0_0_20170111171747419.jpg.chip.jpg,53,0,0
53_0_0_20170111195238954.jpg.chip.jpg,53,0,0
53_0_0_20170113184910088.jpg.chip.jpg,53,0,0
53_0_0_20170117154958988.jpg.chip.jpg,53,0,0
53_0_1_20170120222553113.jpg.chip.jpg,53,0,1
53_0_3_20170119205830000.jpg.chip.jpg,53,0,3
53_0_3_20170119205835771.jpg.chip.jpg,53,0,3
53_1_0_20170116200916159.jpg.chip.jpg,53,1,0
53_1_1_20170117155117307.jpg.chip.jpg,53,1,1
54_0_0_20170104002216792.jpg.chip.jpg,54,0,0
54_0_0_20170104212537133.jpg.chip.jpg,54,0,0
54_0_0_20170104212538380.jpg.chip.jpg,54,0,0
54_0_0_20170104212610221.jpg.chip.jpg,54,0,0
54_0_0_20170105173413677.jpg.chip.jpg,54,0,0
54_0_0_20170105173614957.jpg.chip.jpg,54,0,0
54_0_0_20170111195752794.jpg.chip.jpg,54,0,0
54_0_0_20170113142419212.jpg.chip.jpg,54,0,0
54_0_0_20170113210318996.jpg.chip.jpg,54,0,0
54_0_0_20170117191405698.jpg.chip.jpg,54,0,0
54_0_0_20170119210011397.jpg.chip.jpg,54,0,0
54_0_0_20170120223246116.jpg.chip.jpg,54,0,0
54_0_0_20170120223520757.jpg.chip.jpg,54,0,0
54_0_1_20170117142808120.jpg.chip.jpg,54,0,1
54_0_1_20170117170901716.jpg.chip.jpg,54,0,1
54_0_1_20170120223426436.jpg.chip.jpg,54,0,1
54_0_3_20170119201031709.jpg.chip.jpg,54,0,3
54_0_3_20170119210208992.jpg.chip.jpg,54,0,3
54_0_3_20170119211628321.jpg.chip.jpg,54,0,3
54_1_0_20170103183759282.jpg.chip.jpg,54,1,0
54_1_0_20170104212735309.jpg.chip.jpg,54,1,0
54_1_0_20170110141340224.jpg.chip.jpg,54,1,0
54_1_0_20170110160643344.jpg.chip.jpg,54,1,0
54_1_0_20170117171600659.jpg.chip.jpg,54,1,0
54_1_0_20170117171650996.jpg.chip.jpg,54,1,0
54_1_1_20170117171656445.jpg.chip.jpg,54,1,1
54_1_1_20170117184308137.jpg.chip.jpg,54,1,1
55_0_0_20170111194750534.jpg.chip.jpg,55,0,0
55_0_0_20170116232628323.jpg.chip.jpg,55,0,0
55_0_0_20170117135625808.jpg.chip.jpg,55,0,0
55_0_0_20170117155144918.jpg.chip.jpg,55,0,0
55_0_0_20170117175529999.jpg.chip.jpg,55,0,0
55_0_0_20170117190606570.jpg.chip.jpg,55,0,0
55_0_0_20170117191559491.jpg.chip.jpg,55,0,0
55_0_0_20170117191610740.jpg.chip.jpg,55,0,0
55_0_0_20170120221653868.jpg.chip.jpg,55,0,0
55_0_0_20170120223706509.jpg.chip.jpg,55,0,0
55_0_1_20170117015513943.jpg.chip.jpg,55,0,1
55_0_1_20170117190804541.jpg.chip.jpg,55,0,1
55_0_2_20170117181154412.jpg.chip.jpg,55,0,2
55_0_3_20170119154102401.jpg.chip.jpg,55,0,3
55_0_3_20170119204600605.jpg.chip.jpg,55,0,3
55_0_3_20170119205343062.jpg.chip.jpg,55,0,3
55_1_0_20170104212854053.jpg.chip.jpg,55,1,0
55_1_2_20170116193523524.jpg.chip.jpg,55,1,2
55_1_3_20170117153430708.jpg.chip.jpg,55,1,3
56_0_0_20170104212551397.jpg.chip.jpg,56,0,0
56_0_0_20170111200430322.jpg.chip.jpg,56,0,0
56_0_0_20170111210636788.jpg.chip.jpg,56,0,0
56_0_0_20170117000257766.jpg.chip.jpg,56,0,0
56_0_0_20170117164133805.jpg.chip.jpg,56,0,0
56_0_0_20170117174903919.jpg.chip.jpg,56,0,0
56_0_0_20170117191631748.jpg.chip.jpg,56,0,0
56_0_0_20170120223807822.jpg.chip.jpg,56,0,0
56_0_1_20170113134326090.jpg.chip.jpg,56,0,1
56_0_1_20170113174020731.jpg.chip.jpg,56,0,1
56_0_1_20170117173620884.jpg.chip.jpg,56,0,1
56_0_3_20170119180848388.jpg.chip.jpg,56,0,3
56_1_0_20170110122147365.jpg.chip.jpg,56,1,0
56_1_0_20170110141232209.jpg.chip.jpg,56,1,0
56_1_1_20170110153706986.jpg.chip.jpg,56,1,1
57_0_0_20170111171747487.jpg.chip.jpg,57,0,0
57_0_4_20170105171850037.jpg.chip.jpg,57,0,4
57_1_0_20170110122411678.jpg.chip.jpg,57,1,0
58_0_0_20170104213234525.jpg.chip.jpg,58,0,0
58_0_0_20170111204513437.jpg.chip.jpg,58,0,0
58_0_0_20170113185339857.jpg.chip.jpg,58,0,0
58_0_0_20170113190658809.jpg.chip.jpg,58,0,0
58_0_0_20170113210319952.jpg.chip.jpg,58,0,0
58_0_0_20170117160230063.jpg.chip.jpg,58,0,0
58_0_0_20170117172932280.jpg.chip.jpg,58,0,0
58_0_0_20170117191839091.jpg.chip.jpg,58,0,0
58_0_0_20170117191924885.jpg.chip.jpg,58,0,0
58_0_0_20170120224650587.jpg.chip.jpg,58,0,0
58_0_1_20170113185358000.jpg.chip.jpg,58,0,1
58_0_1_20170113193258196.jpg.chip.jpg,58,0,1
58_0_1_20170117192005261.jpg.chip.jpg,58,0,1
58_0_2_20170104185526166.jpg.chip.jpg,58,0,2
58_0_2_20170112222056864.jpg.chip.jpg,58,0,2
58_0_3_20170113184919520.jpg.chip.jpg,58,0,3
58_0_3_20170119211539872.jpg.chip.jpg,58,0,3
58_0_4_20170120224545639.jpg.chip.jpg,58,0,4
58_1_0_20170110132501568.jpg.chip.jpg,58,1,0
59_0_0_20170104185522222.jpg.chip.jpg,59,0,0
5_0_0_20170103205053570.jpg.chip.jpg,5,0,0
5_0_0_20170110213322127.jpg.chip.jpg,5,0,0
5_0_0_20170110213615044.jpg.chip.jpg,5,0,0
5_0_0_20170117192409274.jpg.chip.jpg,5,0,0
5_0_4_20170103224719055.jpg.chip.jpg,5,0,4
5_1_0_20170109194001467.jpg.chip.jpg,5,1,0
5_1_0_20170109194058911.jpg.chip.jpg,5,1,0
5_1_2_20161219142641921.jpg.chip.jpg,5,1,2
5_1_2_20161219153909236.jpg.chip.jpg,5,1,2
5_1_2_20161219163341974.jpg.chip.jpg,5,1,2
5_1_2_20161219192448674.jpg.chip.jpg,5,1,2
5_1_4_20161219185942044.jpg.chip.jpg,5,1,4
5_1_4_20161223232140509.jpg.chip.jpg,5,1,4
5_1_4_20170103212921764.jpg.chip.jpg,5,1,4
60_0_0_20170104184725621.jpg.chip.jpg,60,0,0
60_0_0_20170104211850356.jpg.chip.jpg,60,0,0
60_0_0_20170113210127337.jpg.chip.jpg,60,0,0
60_0_0_20170117135052544.jpg.chip.jpg,60,0,0
60_0_0_20170117172847880.jpg.chip.jpg,60,0,0
60_0_0_20170117192255540.jpg.chip.jpg,60,0,0
60_0_2_20170112205517100.jpg.chip.jpg,60,0,2
60_0_3_20170117135043467.jpg.chip.jpg,60,0,3
60_0_3_20170119203850894.jpg.chip.jpg,60,0,3
60_0_3_20170119204356982.jpg.chip.jpg,60,0,3
60_0_3_20170119205112264.jpg.chip.jpg,60,0,3
60_1_0_20170110131859302.jpg.chip.jpg,60,1,0
60_1_0_20170110132415610.jpg.chip.jpg,60,1,0
60_1_0_20170110141334072.jpg.chip.jpg,60,1,0
60_1_0_20170110141610416.jpg.chip.jpg,60,1,0
60_1_0_20170110152946835.jpg.chip.jpg,60,1,0
60_1_0_20170110160643720.jpg.chip.jpg,60,1,0
60_1_1_20170113005740542.jpg.chip.jpg,60,1,1
60_1_2_20170110151419801.jpg.chip.jpg,60,1,2
61_0_0_20170103181621665.jpg.chip.jpg,61,0,0
61_0_0_20170117192025774.jpg.chip.jpg,61,0,0
61_0_0_20170117192036844.jpg.chip.jpg,61,0,0
61_0_3_20170104210003146.jpg.chip.jpg,61,0,3
61_0_3_20170109141653583.jpg.chip.jpg,61,0,3
61_1_0_20170104183517277.jpg.chip.jpg,61,1,0
61_1_0_20170117175122341.jpg.chip.jpg,61,1,0
61_1_0_20170117192157499.jpg.chip.jpg,61,1,0
61_1_3_20170109142555460.jpg.chip.jpg,61,1,3
62_0_0_20170104172620514.jpg.chip.jpg,62,0,0
62_0_0_20170111200849717.jpg.chip.jpg,62,0,0
62_0_0_20170111204633236.jpg.chip.jpg,62,0,0
62_0_0_20170111205342810.jpg.chip.jpg,62,0,0
62_0_1_20170113182556749.jpg.chip.jpg,62,0,1
62_0_2_20170112191340365.jpg.chip.jpg,62,0,2
62_1_0_20170110122436007.jpg.chip.jpg,62,1,0
62_1_0_20170110141039449.jpg.chip.jpg,62,1,0
62_1_0_20170110143413907.jpg.chip.jpg,62,1,0
62_1_2_20170105174732894.jpg.chip.jpg,62,1,2
63_0_0_20170104213259957.jpg.chip.jpg,63,0,0
63_0_0_20170104213529213.jpg.chip.jpg,63,0,0
63_0_0_20170111195517664.jpg.chip.jpg,63,0,0
63_0_0_20170111201901467.jpg.chip.jpg,63,0,0
63_0_0_20170117194948539.jpg.chip.jpg,63,0,0
63_0_3_20170119211952608.jpg.chip.jpg,63,0,3
63_1_0_20170110160643860.jpg.chip.jpg,63,1,0
63_1_0_20170120224812560.jpg.chip.jpg,63,1,0
64_0_2_20170116193321184.jpg.chip.jpg,64,0,2
64_0_3_20170113182054044.jpg.chip.jpg,64,0,3
64_1_0_20170110182136419.jpg.chip.jpg,64,1,0
65_0_0_20170113190804729.jpg.chip.jpg,65,0,0
65_0_0_20170117171238997.jpg.chip.jpg,65,0,0
65_0_0_20170117204225231.jpg.chip.jpg,65,0,0
65_0_0_20170120223336620.jpg.chip.jpg,65,0,0
65_0_0_20170120224637535.jpg.chip.jpg,65,0,0
65_0_2_20170112205356788.jpg.chip.jpg,65,0,2
65_0_2_20170112222023530.jpg.chip.jpg,65,0,2
65_0_2_20170112223820339.jpg.chip.jpg,65,0,2
65_0_2_20170112223951171.jpg.chip.jpg,65,0,2
65_0_3_20170105180657742.jpg.chip.jpg,65,0,3
65_1_0_20170110140804905.jpg.chip.jpg,65,1,0
65_1_0_20170110154550300.jpg.chip.jpg,65,1,0
65_1_0_20170110160643923.jpg.chip.jpg,65,1,0
65_1_0_20170110182002744.jpg.chip.jpg,65,1,0
65_1_0_20170120222039350.jpg.chip.jpg,65,1,0
66_0_0_20170109015504776.jpg.chip.jpg,66,0,0
66_0_0_20170117191832603.jpg.chip.jpg,66,0,0
66_0_2_20170111205753656.jpg.chip.jpg,66,0,2
66_0_3_20170119153511665.jpg.chip.jpg,66,0,3
66_1_0_20170110160644016.jpg.chip.jpg,66,1,0
67_0_0_20170104213345869.jpg.chip.jpg,67,0,0
67_0_0_20170120224822464.jpg.chip.jpg,67,0,0
67_0_0_20170120225145905.jpg.chip.jpg,67,0,0
67_0_0_20170120230050170.jpg.chip.jpg,67,0,0
67_0_3_20170116193543456.jpg.chip.jpg,67,0,3
67_1_0_20170110143329621.jpg.chip.jpg,67,1,0
68_0_0_20170111221718605.jpg.chip.jpg,68,0,0
68_0_0_20170117172721512.jpg.chip.jpg,68,0,0
68_0_1_20170117172339634.jpg.chip.jpg,68,0,1
68_1_0_20170110131335562.jpg.chip.jpg,68,1,0
68_1_0_20170110132430273.jpg.chip.jpg,68,1,0
68_1_0_20170110141522160.jpg.chip.jpg,68,1,0
68_1_0_20170110175311202.jpg.chip.jpg,68,1,0
69_0_0_20170111200511915.jpg.chip.jpg,69,0,0
69_0_0_20170117185705145.jpg.chip.jpg,69,0,0
69_0_1_20170113184901806.jpg.chip.jpg,69,0,1
69_1_0_20170110140355514.jpg.chip.jpg,69,1,0
69_1_0_20170117192247404.jpg.chip.jpg,69,1,0
69_1_2_20170111210824053.jpg.chip.jpg,69,1,2
69_1_4_20170110141201824.jpg.chip.jpg,69,1,4
6_0_0_20170110215952754.jpg.chip.jpg,6,0,0
6_0_3_20161220145323231.jpg.chip.jpg,6,0,3
6_1_0_20170109193911170.jpg.chip.jpg,6,1,0
6_1_0_20170109201628566.jpg.chip.jpg,6,1,0
6_1_0_20170109202302115.jpg.chip.jpg,6,1,0
6_1_0_20170119155357730.jpg.chip.jpg,6,1,0
6_1_1_20170117201200086.jpg.chip.jpg,6,1,1
6_1_2_20161219162040862.jpg.chip.jpg,6,1,2
6_1_2_20161219192033227.jpg.chip.jpg,6,1,2
6_1_3_20161220220748274.jpg.chip.jpg,6,1,3
6_1_4_20161223232159876.jpg.chip.jpg,6,1,4
70_0_0_20170117174910845.jpg.chip.jpg,70,0,0
70_0_0_20170117175004342.jpg.chip.jpg,70,0,0
70_0_0_20170117175502596.jpg.chip.jpg,70,0,0
70_0_1_20170120223446317.jpg.chip.jpg,70,0,1
70_0_3_20170117173325952.jpg.chip.jpg,70,0,3
70_0_3_20170119210107813.jpg.chip.jpg,70,0,3
70_1_0_20170110181712528.jpg.chip.jpg,70,1,0
70_1_0_20170117155916072.jpg.chip.jpg,70,1,0
70_1_1_20170113000433314.jpg.chip.jpg,70,1,1
70_1_3_20170116224931319.jpg.chip.jpg,70,1,3
71_0_0_20170111195259809.jpg.chip.jpg,71,0,0
71_0_0_20170120225641832.jpg.chip.jpg,71,0,0
71_0_1_20170111222525552.jpg.chip.jpg,71,0,1
71_1_0_20170110143306064.jpg.chip.jpg,71,1,0
71_1_0_20170110181725541.jpg.chip.jpg,71,1,0
72_0_1_20170113184626575.jpg.chip.jpg,72,0,1
72_0_3_20170109150847004.jpg.chip.jpg,72,0,3
72_1_0_20170105164536452.jpg.chip.jpg,72,1,0
72_1_0_20170110153738448.jpg.chip.jpg,72,1,0
72_1_0_20170110160644063.jpg.chip.jpg,72,1,0
72_1_0_20170110183814706.jpg.chip.jpg,72,1,0
73_0_0_20170120224040208.jpg.chip.jpg,73,0,0
73_0_0_20170120230233019.jpg.chip.jpg,73,0,0
73_0_0_20170120230235659.jpg.chip.jpg,73,0,0
73_1_0_20170109220906926.jpg.chip.jpg,73,1,0
73_1_0_20170110182146582.jpg.chip.jpg,73,1,0
73_1_2_20170110131323894.jpg.chip.jpg,73,1,2
74_1_0_20170110122923277.jpg.chip.jpg,74,1,0
75_0_0_20170111200622706.jpg.chip.jpg,75,0,0
75_0_0_20170111205232856.jpg.chip.jpg,75,0,0
75_0_0_20170111205238382.jpg.chip.jpg,75,0,0
75_0_0_20170111210208339.jpg.chip.jpg,75,0,0
75_0_0_20170111210855670.jpg.chip.jpg,75,0,0
75_0_2_20170111200448875.jpg.chip.jpg,75,0,2
75_0_2_20170112222028563.jpg.chip.jpg,75,0,2
75_1_0_20170110154312939.jpg.chip.jpg,75,1,0
75_1_0_20170110182459565.jpg.chip.jpg,75,1,0
75_1_0_20170120225456154.jpg.chip.jpg,75,1,0
76_0_1_20170116205210541.jpg.chip.jpg,76,0,1
76_0_1_20170117165148098.jpg.chip.jpg,76,0,1
76_0_2_20170112224304323.jpg.chip.jpg,76,0,2
77_0_0_20170111222228671.jpg.chip.jpg,77,0,0
77_1_0_20170110140643082.jpg.chip.jpg,77,1,0
78_0_0_20170111222436497.jpg.chip.jpg,78,0,0
78_0_0_20170111223343146.jpg.chip.jpg,78,0,0
78_0_0_20170120224525249.jpg.chip.jpg,78,0,0
78_1_0_20170120230348881.jpg.chip.jpg,78,1,0
78_1_1_20170113011857601.jpg.chip.jpg,78,1,1
79_0_0_20170111222511980.jpg.chip.jpg,79,0,0
79_1_0_20170111201959926.jpg.chip.jpg,79,1,0
7_0_0_20170110215603860.jpg.chip.jpg,7,0,0
7_0_0_20170110220627122.jpg.chip.jpg,7,0,0
7_0_0_20170110224448021.jpg.chip.jpg,7,0,0
7_0_0_20170110225126086.jpg.chip.jpg,7,0,0
7_0_2_20161219190141683.jpg.chip.jpg,7,0,2
7_1_0_20170109200828410.jpg.chip.jpg,7,1,0
7_1_0_20170114025204820.jpg.chip.jpg,7,1,0
7_1_2_20161219193607875.jpg.chip.jpg,7,1,2
7_1_3_20161220222848971.jpg.chip.jpg,7,1,3
7_1_3_20170104222541621.jpg.chip.jpg,7,1,3
7_1_3_20170104223307815.jpg.chip.jpg,7,1,3
7_1_4_20161223232252196.jpg.chip.jpg,7,1,4
7_1_4_20161224001014334.jpg.chip.jpg,7,1,4
80_0_0_20170111205531200.jpg.chip.jpg,80,0,0
80_0_0_20170117173234032.jpg.chip.jpg,80,0,0
80_0_1_20170111205423680.jpg.chip.jpg,80,0,1
80_1_0_20170110140948978.jpg.chip.jpg,80,1,0
80_1_0_20170110154249092.jpg.chip.jpg,80,1,0
80_1_0_20170110154553925.jpg.chip.jpg,80,1,0
81_1_0_20170120230536155.jpg.chip.jpg,81,1,0
82_0_0_20170111222357343.jpg.chip.jpg,82,0,0
82_0_3_20170105180948808.jpg.chip.jpg,82,0,3
82_1_0_20170110132435984.jpg.chip.jpg,82,1,0
82_1_0_20170110184132973.jpg.chip.jpg,82,1,0
83_1_0_20170120224721561.jpg.chip.jpg,83,1,0
83_1_0_20170120225627516.jpg.chip.jpg,83,1,0
84_0_1_20170117192953555.jpg.chip.jpg,84,0,1
84_1_0_20170110140658706.jpg.chip.jpg,84,1,0
85_0_0_20170110183613267.jpg.chip.jpg,85,0,0
85_0_0_20170111205823547.jpg.chip.jpg,85,0,0
85_0_2_20170112224212748.jpg.chip.jpg,85,0,2
85_1_0_20170110173744770.jpg.chip.jpg,85,1,0
85_1_0_20170110181551074.jpg.chip.jpg,85,1,0
85_1_0_20170110183616456.jpg.chip.jpg,85,1,0
85_1_0_20170110183711497.jpg.chip.jpg,85,1,0
85_1_0_20170110183746742.jpg.chip.jpg,85,1,0
85_1_0_20170110183752111.jpg.chip.jpg,85,1,0
85_1_0_20170120140054880.jpg.chip.jpg,85,1,0
86_0_0_20170111210655997.jpg.chip.jpg,86,0,0
86_0_0_20170112224722395.jpg.chip.jpg,86,0,0
86_1_0_20170110183800477.jpg.chip.jpg,86,1,0
87_0_0_20170110183538244.jpg.chip.jpg,87,0,0
88_1_0_20170110182132120.jpg.chip.jpg,88,1,0
88_1_3_20170110182318688.jpg.chip.jpg,88,1,3
89_0_1_20170117194109597.jpg.chip.jpg,89,0,1
89_1_0_20170110183446677.jpg.chip.jpg,89,1,0
8_0_0_20170103210941483.jpg.chip.jpg,8,0,0
8_0_0_20170110220129114.jpg.chip.jpg,8,0,0
8_0_0_20170110220610016.jpg.chip.jpg,8,0,0
8_0_2_20170103201916943.jpg.chip.jpg,8,0,2
8_0_3_20170104225706490.jpg.chip.jpg,8,0,3
8_1_0_20170109201714114.jpg.chip.jpg,8,1,0
8_1_0_20170109203248565.jpg.chip.jpg,8,1,0
8_1_0_20170109205428806.jpg.chip.jpg,8,1,0
8_1_0_20170120230542954.jpg.chip.jpg,8,1,0
8_1_1_20170117170013457.jpg.chip.jpg,8,1,1
8_1_3_20161220220233122.jpg.chip.jpg,8,1,3
8_1_3_20170104222819874.jpg.chip.jpg,8,1,3
90_0_0_20170117174931541.jpg.chip.jpg,90,0,0
90_1_0_20170110182841384.jpg.chip.jpg,90,1,0
90_1_0_20170111211648525.jpg.chip.jpg,90,1,0
90_1_1_20170117195305990.jpg.chip.jpg,90,1,1
95_1_2_20170112224548347.jpg.chip.jpg,95,1,2
96_1_1_20170110183853718.jpg.chip.jpg,96,1,1
99_1_0_20170120221920654.jpg.chip.jpg,99,1,0
99_1_1_20170120134639935.jpg.chip.jpg,99,1,1
99_1_2_20170110182418864.jpg.chip.jpg,99,1,2
9_0_0_20170110215653284.jpg.chip.jpg,9,0,0
9_0_0_20170110220237634.jpg.chip.jpg,9,0,0
9_0_0_20170110220311291.jpg.chip.jpg,9,0,0
9_0_0_20170110220441522.jpg.chip.jpg,9,0,0
9_0_0_20170110220449969.jpg.chip.jpg,9,0,0
9_0_0_20170110220700428.jpg.chip.jpg,9,0,0
9_0_0_20170110224437980.jpg.chip.jpg,9,0,0
9_0_0_20170110224610119.jpg.chip.jpg,9,0,0
9_0_0_20170110225030430.jpg.chip.jpg,9,0,0
9_0_1_20170110224349623.jpg.chip.jpg,9,0,1
9_0_2_20170110224822473.jpg.chip.jpg,9,0,2
9_1_3_20161219225144784.jpg.chip.jpg,9,1,3
