config,epochs,train_acc,val_acc,test_acc,params,train_time_s
VGG_2block_128,5,0.6169,0.6289,0.6383,74722,587.6
VGG_2block_128,10,0.6606,0.6656,0.6750,74722,587.6
VGG_2block_128,15,0.7001,0.6639,0.6683,74722,587.6
VGG_3block_128,5,0.6263,0.6217,0.6261,305122,649.5
VGG_3block_128,10,0.6923,0.6661,0.6628,305122,649.5
VGG_3block_128,15,0.7476,0.7400,0.7178,305122,649.5
VGG_3block_256,5,0.5969,0.5450,0.5461,321890,634.2
VGG_3block_256,10,0.6948,0.6661,0.6722,321890,634.2
VGG_3block_256,15,0.7299,0.6717,0.6633,321890,634.2
VGG_4block_256,5,0.6110,0.5028,0.5128,1241442,709.0
VGG_4block_256,10,0.7014,0.7028,0.7111,1241442,709.0
VGG_4block_256,15,0.7407,0.7467,0.7378,1241442,709.0
MNv2_frozen_64,5,0.7414,0.7561,0.7394,2340098,291.0
MNv2_frozen_64,10,0.7626,0.7578,0.7489,2340098,291.0
MNv2_frozen_64,15,0.7811,0.7594,0.7617,2340098,291.0
MNv2_frozen_256,5,0.7367,0.7400,0.7339,2586434,297.0
MNv2_frozen_256,10,0.7733,0.7683,0.7561,2586434,297.0
MNv2_frozen_256,15,0.8035,0.7711,0.7578,2586434,297.0
MNv2_ft30_128,5,0.9002,0.8022,0.7994,2422210,531.9
MNv2_ft30_128,10,0.9712,0.8533,0.8650,2422210,531.9
MNv2_ft30_128,15,0.9855,0.8694,0.8767,2422210,531.9
MNv2_ft60_128,5,0.9235,0.8289,0.8322,2422210,692.7
MNv2_ft60_128,10,0.9801,0.8844,0.8867,2422210,692.7
MNv2_ft60_128,15,0.9912,0.9006,0.9011,2422210,692.7
